Asset Name,Serial Number,Model
CHAS3658,DSD9RD2,OptiPlex 3040
CHAS3750,GBW9DH2,OptiPlex 3040
CHAS3813,,
CHAS3829,D38Y3H2,Latitude E5570
CHAS4020,1DTXNH2,Latitude 5580
CHAS4305,CQ6VYQ2,OptiPlex 7050
CHAS4325,8G7MQQ2,Latitude 5590
CHAS4325.chas.local,,
CHAS4346,GSNDLQ2,Latitude 5590
CHAS4375,6RNQ0S2,OptiPlex 7460 AIO
CHAS4401,7TS8JR2,Latitude 5590
CHAS4428,,
CHAS4475,C3X26S2,Latitude 5590
CHAS4489,5938CS2,OptiPlex 7060
CHAS4492,CVV77S2,Latitude 5590
CHAS4502,DT4F1T2,OptiPlex 7460 AIO
CHAS4505,DT5C1T2,OptiPlex 7460 AIO
CHAS4510,DT3G1T2,OptiPlex 7460 AIO
CHAS4533,6MYQ0T2,OptiPlex 7060
CHAS4539,5B2P8Y2,Latitude 5590
CHAS4552,3H98BT2,OptiPlex 7460 AIO
CHAS4557,3H88BT2,OptiPlex 7460 AIO
CHAS4561,3HB6BT2,OptiPlex 7460 AIO
CHAS4567,8W8QJR2,Latitude 5590
CHAS4572,,
CHAS4576,315JHV2,OptiPlex 7460 AIO
CHAS4579,4YHNJR2,Latitude 5590
CHAS4580,FJ938S2,Latitude 5590
CHAS4585,315GHV2,OptiPlex 7460 AIO
CHAS4586,316HHV2,OptiPlex 7460 AIO
CHAS4587,316MHV2,OptiPlex 7460 AIO
CHAS4588,315HHV2,OptiPlex 7460 AIO
CHAS4589,316LHV2,OptiPlex 7460 AIO
CHAS4591,316GHV2,OptiPlex 7460 AIO
CHAS4592,315LHV2,OptiPlex 7460 AIO
CHAS4593,317KHV2,OptiPlex 7460 AIO
CHAS4597,CK2SZV2,OptiPlex 7460 AIO
CHAS4598,FXF5XT2,Latitude 5590
CHAS4599,1885XT2,Latitude 5590
CHAS4600,BQ2GZV2,Precision Tower 3430
CHAS4601,,
CHAS4604,BN630W2,OptiPlex 7460 AIO
CHAS4606,BN6YZV2,OptiPlex 7460 AIO
CHAS4611,BN600W2,OptiPlex 7460 AIO
CHAS4612,BN5YZV2,OptiPlex 7460 AIO
CHAS4616,BN730W2,OptiPlex 7460 AIO
CHAS4617,,
CHAS4618,BN820W2,OptiPlex 7460 AIO
CHAS4619,BN830W2,OptiPlex 7460 AIO
CHAS4623,5WM5VT2,Latitude 5590
CHAS4628,BN5ZZV2,OptiPlex 7460 AIO
CHAS4631,86KHNV2,Latitude 7490
CHAS4632,GR7NNF2,Latitude 5590
CHAS4632.chas.local,,
CHAS4633,126SNF2,Latitude 5590
CHAS4636,JKHWNF2,Latitude 5590
CHAS4640,H0VJ3W2,OptiPlex 7460 AIO
CHAS4644,BJR5PV2,Latitude 5590
CHAS4646,H5GWNF2,Latitude 5590
CHAS4650,F8D9DW2,OptiPlex 7460 AIO
CHAS4651,F8DHDW2,OptiPlex 7460 AIO
CHAS4653,F8DFDW2,OptiPlex 7460 AIO
CHAS4654,F8DDDW2,OptiPlex 7460 AIO
CHAS4655,F8F7DW2,OptiPlex 7460 AIO
CHAS4656,F8D8DW2,OptiPlex 7460 AIO
CHAS4657,F8CHDW2,OptiPlex 7460 AIO
CHAS4658,D3ZWPV2,Latitude 7490
CHAS4659,,
CHAS4661,F8DJDW2,OptiPlex 7460 AIO
CHAS4662,F8D7DW2,OptiPlex 7460 AIO
CHAS4663,F8DCDW2,OptiPlex 7460 AIO
CHAS4664,F8F8DW2,OptiPlex 7460 AIO
CHAS4665,F8CJDW2,OptiPlex 7460 AIO
CHAS4666,D4JDDW2,Precision Tower 3430
CHAS4667,D4JBDW2,Precision Tower 3430
CHAS4669,D4JFDW2,Precision Tower 3430
CHAS4672,9TS1FW2,OptiPlex 7460 AIO
CHAS4677,G5KP4W2,OptiPlex 7060
CHAS4679,9W6G7X2,OptiPlex 7460 AIO
CHAS4680,9W7F7X2,OptiPlex 7460 AIO
CHAS4681,9W7C7X2,OptiPlex 7460 AIO
CHAS4683,6K5H7X2,OptiPlex 7060
CHAS4686,,
CHAS4689,GRRVYW2,Latitude 5590
CHAS4690,HDYVYW2,Latitude 5590
CHAS4691,H162ZW2,Latitude 5590
CHAS4694,8RK0ZW2,Latitude 5590
CHAS4695,J062ZW2,Latitude 5590
CHAS4696,J0J2ZW2,Latitude 5590
CHAS4697,GPK0ZW2,Latitude 5590
CHAS4698,3HK0ZW2,Latitude 5590
CHAS4703,HB7ZDX2,OptiPlex 7060
CHAS4706,CY82FX2,OptiPlex 7460 AIO
CHAS4706.chas.local,,
CHAS4709,CY5YDX2,OptiPlex 7460 AIO
CHAS4712,F7YD0X2,Latitude 5590
CHAS4715,2YST1X2,Latitude 5590
CHAS4716,JLK61X2,Latitude 5590
CHAS4717,2MR61X2,Latitude 5590
CHAS4718,8DGB1X2,Latitude 5590
CHAS4719,7JR61X2,Latitude 5590
CHAS4720,452T1X2,Latitude 5590
CHAS4721,2XH22X2,Latitude 5590
CHAS4723,F5XT2X2,Latitude 5590
CHAS4723.chas.local,,
CHAS4728,H2TDPX2,OptiPlex 7460 AIO
CHAS4730,H33MPX2,OptiPlex 7460 AIO
CHAS4733,7XR15Y2,Latitude 5590
CHAS4733.chas.local,,
CHAS4734,9JXPPX2,OptiPlex 7460 AIO
CHAS4735,9JX93Y2,OptiPlex 7460 AIO
CHAS4736,9JWTPX2,OptiPlex 7460 AIO
CHAS4738,9JXSPX2,OptiPlex 7460 AIO
CHAS4739,9JXRPX2,OptiPlex 7460 AIO
CHAS4740,9JWSPX2,OptiPlex 7460 AIO
CHAS4742,9JWRPX2,OptiPlex 7460 AIO
CHAS4747,9JXVPX2,OptiPlex 7460 AIO
CHAS4748,9JX73Y2,OptiPlex 7460 AIO
CHAS4750,9JWQPX2,OptiPlex 7460 AIO
CHAS4751,9JWVPX2,OptiPlex 7460 AIO
CHAS4753,HH925Y2,Latitude 5590
CHAS4764,J0SV7Y2,Latitude 5590
CHAS4764.chas.local,,
CHAS4768,8HHMPX2,Precision Tower 3430
CHAS4769,8HJDPX2,Precision Tower 3430
CHAS4771,2S5FPX2,Precision Tower 3430
CHAS4772,2S4GPX2,Precision Tower 3430
CHAS4774,8HJCPX2,Precision Tower 3430
CHAS4776,GNF15Y2,Latitude 5590
CHAS4778.chas.local,,
CHAS4778.chas.local,,
CHAS4779,H1TMPX2,OptiPlex 7460 AIO
CHAS4780,H1VLPX2,OptiPlex 7460 AIO
CHAS4781,,
CHAS4783,H1TDPX2,OptiPlex 7460 AIO
CHAS4784,H1TFPX2,OptiPlex 7460 AIO
CHAS4785,H1VKPX2,OptiPlex 7460 AIO
CHAS4786,H1SKPX2,OptiPlex 7460 AIO
CHAS4787,H1THPX2,OptiPlex 7460 AIO
CHAS4788,H1TKPX2,OptiPlex 7460 AIO
CHAS4791,H1VMPX2,OptiPlex 7460 AIO
CHAS4792,H1TJPX2,OptiPlex 7460 AIO
CHAS4793,H1SMPX2,OptiPlex 7460 AIO
CHAS4794,H1SHPX2,OptiPlex 7460 AIO
CHAS4795,H1VCPX2,OptiPlex 7460 AIO
CHAS4796,H1SJPX2,OptiPlex 7460 AIO
CHAS4797,H1VJPX2,OptiPlex 7460 AIO
CHAS4799,H1VFPX2,OptiPlex 7460 AIO
CHAS4801,H1SGPX2,OptiPlex 7460 AIO
CHAS4802,H1TCPX2,OptiPlex 7460 AIO
CHAS4810,7BPY2X2,Latitude 5590
CHAS4813,DD16PX2,OptiPlex 7060
CHAS4814,H1SLPX2,OptiPlex 7460 AIO
CHAS4815,3JLB9G3,Latitude 5520
CHAS4818,FLZJN23,Precision Tower 3431
CHAS4819,FLZHN23,Precision Tower 3431
CHAS4824,CH3L8Y2,Latitude 5590
CHAS4825,G25BPY2,OptiPlex 7060
CHAS4828,G267PY2,OptiPlex 7060
CHAS4829,H3B9PY2,OptiPlex 7460 AIO
CHAS4830,H3C0PY2,OptiPlex 7460 AIO
CHAS4831,H3C3PY2,OptiPlex 7460 AIO
CHAS4832,H3B7PY2,OptiPlex 7460 AIO
CHAS4833,H3B8PY2,OptiPlex 7460 AIO
CHAS4834,H3BXNY2,OptiPlex 7460 AIO
CHAS4835,,
CHAS4836,H3BDPY2,OptiPlex 7460 AIO
CHAS4837,H3B6PY2,OptiPlex 7460 AIO
CHAS4838,5W5J0Z2,Latitude 5590
CHAS4840,H3C2PY2,OptiPlex 7460 AIO
CHAS4842,H3BZNY2,OptiPlex 7460 AIO
CHAS4843,H3BFPY2,OptiPlex 7460 AIO
CHAS4845,99630Z2,Latitude 5590
CHAS4846,86L30Z2,Latitude 5590
CHAS4849,GFW34Z2,Precision Tower 3430
CHAS4851,GFW44Z2,Precision Tower 3430
CHAS4854,1L7LZY2,Latitude 5590
CHAS4856,GZ4S4Z2,Precision Tower 3430
CHAS4857,30WV4Z2,OptiPlex 7460 AIO
CHAS4858,317V4Z2,OptiPlex 7460 AIO
CHAS4859,312Z4Z2,OptiPlex 7460 AIO
CHAS4860,,
CHAS4861,4RVJ2Z2,Latitude 5500
CHAS4862,7QVJ2Z2,Latitude 5500
CHAS4863,D96V2Z2,Latitude 5500
CHAS4864,2JSZ1Z2,Latitude 5500
CHAS4865,30K72Z2,Latitude 5500
CHAS4866,9ZJ72Z2,Latitude 5500
CHAS4867,7DD15Z2,OptiPlex 7460 AIO
CHAS4869,2PHXZY2,Latitude 5500
CHAS4870,2G95BZ2,OptiPlex 7460 AIO
CHAS4871,2G94BZ2,OptiPlex 7460 AIO
CHAS4872,2G9CBZ2,OptiPlex 7460 AIO
CHAS4874,2G97BZ2,OptiPlex 7460 AIO
CHAS4875,2G99BZ2,OptiPlex 7460 AIO
CHAS4876,2G8DBZ2,OptiPlex 7460 AIO
CHAS4877,2G8FBZ2,OptiPlex 7460 AIO
CHAS4878,2G9BBZ2,OptiPlex 7460 AIO
CHAS4879,2G98BZ2,OptiPlex 7460 AIO
CHAS4880,2G8CBZ2,OptiPlex 7460 AIO
CHAS4881,BN6X9Z2,Precision Tower 3430
CHAS4883,7R812X2,Latitude 5500
CHAS4884,8D8F1X2,Latitude 5500
CHAS4885,27TJ1X2,Latitude 5500
CHAS4886,GW7T1X2,Latitude 5500
CHAS4888,8VRHBZ2,OptiPlex 7460 AIO
CHAS4889,H1VGPX2,OptiPlex 7460 AIO
CHAS4890,991W9Z2,OptiPlex 7070
CHAS4892,BN6Y9Z2,Precision Tower 3430
CHAS4893,BN6Z9Z2,Precision Tower 3430
CHAS4894,56FH1Z2,Latitude 5500
CHAS4896,H6SH1Z2,Latitude 5500
CHAS4897,F6FH1Z2,Latitude 5500
CHAS4901,1Z7D1Z2,Latitude 5500
CHAS4902,52B5ZY2,Precision 5540
CHAS4903,DXR0BZ2,OptiPlex 7460 AIO
CHAS4904,2GDGZY2,Latitude 5500
CHAS4905,6K18ZY2,Latitude 5500
CHAS4905,,
CHAS4905.chas.local,,
CHAS4906,D7CGZY2,Latitude 5500
CHAS4910,FCBGZY2,Latitude 5500
CHAS4911,BM83ZY2,Latitude 5500
CHAS4912,G6CB9Y2,Latitude 5500
CHAS4915,DG95ZY2,Latitude 5500
CHAS4916,5XVCZY2,Latitude 5500
CHAS4917,DYPP9Y2,Latitude 5500
CHAS4918,G7XS903,OptiPlex 7470 AIO
CHAS4919,BJ09ZY2,Latitude 5500
CHAS4920,GJ8C9Y2,Latitude 5500
CHAS4921,FF09ZY2,Latitude 5500
CHAS4921.chas.local,,
CHAS4922,2749ZY2,Latitude 5500
CHAS4923,35J9ZY2,Latitude 5500
CHAS4924,DYW99Y2,Latitude 5500
CHAS4925,FK09ZY2,Latitude 5500
CHAS4926,5549ZY2,Latitude 5500
CHAS4927,3L95B03,OptiPlex 7470 AIO
CHAS4928,DK0QXY2,Latitude 5500
CHAS4929,8QKQXY2,Latitude 5500
CHAS4932,CD8SXY2,Precision 5540
CHAS4933.chas.local,,
CHAS4934,CCJ8H13,OptiPlex 7470 AIO
CHAS4935,CNS4H03,OptiPlex 7470 AIO
CHAS4936,F3C3H03,OptiPlex 7470 AIO
CHAS4937,CNS3H03,OptiPlex 7470 AIO
CHAS4938,G80DYY2,Latitude 5500
CHAS4940,CZW03Z2,Precision 5540
CHAS4941,7SZJH03,Precision Tower 3431
CHAS4942,7SYTH03,Precision Tower 3431
CHAS4944,HLVV2Z2,Latitude 5500
CHAS4946,BZSP3Z2,Latitude 5500
CHAS4947,9NWP3Z2,Latitude 5500
CHAS4948,HR7R513,OptiPlex 7470 AIO
CHAS4949,52HN513,OptiPlex 7470 AIO
CHAS4950,52HM513,OptiPlex 7470 AIO
CHAS4952,HR7S513,OptiPlex 7470 AIO
CHAS4953,52HP513,OptiPlex 7470 AIO
CHAS4954,6S169Y2,Latitude 5500
CHAS4955,HR7Q513,OptiPlex 7470 AIO
CHAS4956,14XNYY2,Latitude 5500
CHAS4957,CLWNYY2,Latitude 5500
CHAS4959,FSVNYY2,Latitude 5500
CHAS4960,BVVNYY2,Latitude 5500
CHAS4961,HJWNYY2,Latitude 5500
CHAS4962,BHWNYY2,Latitude 5500
CHAS4963,7XVNYY2,Latitude 5500
CHAS4964,BCWNYY2,Latitude 5500
CHAS4965,23XNYY2,Latitude 5500
CHAS4966,CM2QYY2,Latitude 5500
CHAS4967,8TVNYY2,Latitude 5500
CHAS4968,7MWNYY2,Latitude 5500
CHAS4969,J4YNYY2,Latitude 5500
CHAS4970,3FWNYY2,Latitude 5500
CHAS4971,52DPYY2,Latitude 5500
CHAS4972,29XNYY2,Latitude 5500
CHAS4973,1B1SG13,OptiPlex 7470 AIO
CHAS4974,1B2D613,OptiPlex 7470 AIO
CHAS4975,1B1RG13,OptiPlex 7470 AIO
CHAS4976,1B2C613,OptiPlex 7470 AIO
CHAS4979,4VYM3X2,Latitude 5500
CHAS4979,,
CHAS4981,JRG8QV2,Latitude 5500
CHAS4981.chas.local,,
CHAS4981.chas.local,,
CHAS4983,D0K90R2,Latitude 5500
CHAS4985,4TJ90R2,Latitude 5500
CHAS4986,5HK90R2,Latitude 5500
CHAS4987,1MDB3X2,Latitude 5500
CHAS4988,G0K90R2,Latitude 5500
CHAS4989,9SJ90R2,Latitude 5500
CHAS4991,7CL90R2,Latitude 5500
CHAS4992,8JL92R2,Latitude 5500
CHAS4992.chas.local,,
CHAS4993,BKG92R2,Latitude 5500
CHAS4993.chas.local,,
CHAS4997,5Y5B3X2,Latitude 5500
CHAS4998,8DJ83X2,Latitude 7400
CHAS4JYSGS3,,
CHAS5000,8MDDP13,XPS 13 7390
CHAS5002,1KZLSZ2,OptiPlex 7460 AIO
CHAS5003,1KSJS13,OptiPlex 7070
CHAS5006,1KSKH13,OptiPlex 7070
CHAS5007,BLNJK13,Precision 5540
CHAS5007.chas.local,,
CHAS5008,47JJK13,Precision 5540
CHAS5008,,
CHAS5008.chas.local,,
CHAS5010,7ZMSK13,Latitude 5500
CHAS5011,8R7SK13,Latitude 5500
CHAS5012,FHQ6K13,Latitude 5500
CHAS5014,4TJ5T13,OptiPlex 7070
CHAS5015,4TJ6T13,OptiPlex 7070
CHAS5015.chas.local,,
CHAS5017,1KRHS13,OptiPlex 7070
CHAS5017.chas.local,,
CHAS5020,J6BHN23,OptiPlex 7470 AIO
CHAS5021,D58QS13,OptiPlex 7470 AIO
CHAS5022,J6BGN23,OptiPlex 7470 AIO
CHAS5023,3ZGL2X2,Latitude 7400
CHAS5023.chas.local,,
CHAS5024,DFCSN23,OptiPlex 7070
CHAS5027,CQSHP13,Latitude 5500
CHAS5028,7Y11M13,Latitude 5500
CHAS5029,2FCCK13,Latitude 5500
CHAS5029.chas.local,,
CHAS5030,8KC0M13,Latitude 5500
CHAS5031,HQ50M13,Latitude 5500
CHAS5032,39WGP13,Latitude 5500
CHAS5033,CV1HP13,Latitude 5500
CHAS5033.chas.local,,
CHAS5033.chas.local,,
CHAS5035,G0WGP13,Latitude 5500
CHAS5036,BT1HP13,Latitude 5500
CHAS5037,92FHP13,Latitude 5500
CHAS5038,GF7HP13,Latitude 5500
CHAS5040,DH7HP13,Latitude 5500
CHAS5041,FP7HP13,Latitude 5500
CHAS5042,8WP4Z23,OptiPlex 7470 AIO
CHAS5043,BQDRL13,Latitude 5500
CHAS5044,7PR4X33,Latitude 5500
CHAS5045,1VR4X33,Latitude 5500
CHAS5046,5MS2X33,Latitude 5500
CHAS5048,6VH7853,OptiPlex 7470 AIO
CHAS5052,F5TX7B3,OptiPlex 7080
CHAS5053,28WGP13,Latitude 5500
CHAS5054,2G7HP13,Latitude 5500
CHAS5055,3P1HP13,Latitude 5500
CHAS5056,2V1HP13,Latitude 5500
CHAS5057,CY1HP13,Latitude 5500
CHAS5058,5P7HP13,Latitude 5500
CHAS5059,5F7HP13,Latitude 5500
CHAS5060,5BZHP13,Latitude 5500
CHAS5061,JP1HP13,Latitude 5500
CHAS5062,CDJJP13,Latitude 5500
CHAS5064,GMSHP13,Latitude 5500
CHAS5065,4N8D3X2,Latitude 5500
CHAS5066,B52G3X2,Latitude 5500
CHAS5067,1CVM3X2,Latitude 5500
CHAS5068,16G93X2,Latitude 5500
CHAS5069,5W7D3X2,Latitude 5500
CHAS5070,CPYC2R2,Latitude 5500
CHAS5072,54QF3X2,Latitude 5500
CHAS5073,HBG93X2,Latitude 5500
CHAS5074,48VM3X2,Latitude 5500
CHAS5075,BR6D2R2,Latitude 5500
CHAS5076,DNYC2R2,Latitude 5500
CHAS5076.chas.local,,
CHAS5077,2P6D2R2,Latitude 5500
CHAS5079,4T1HP13,Latitude 5500
CHAS5079.chas.local,,
CHAS5080,FSSHP13,Latitude 5500
CHAS5081,83MHP13,Latitude 5500
CHAS5082,2DZHP13,Latitude 5500
CHAS5084,,
CHAS5085,BN7HP13,Latitude 5500
CHAS5086,2PCDP13,Latitude 5500
CHAS5087BP,2F8RN13,Latitude 7300
CHAS5088,777RY23,OptiPlex 7470 AIO
CHAS5089,4523Q13,Latitude 5500
CHAS5090,DV6D2R2,Latitude 5500
CHAS5092,3RFLY23,OptiPlex 7470 AIO
CHAS5093,777QY23,OptiPlex 7470 AIO
CHAS5094,3RFKY23,OptiPlex 7470 AIO
CHAS5095,132BL13,Latitude 5500
CHAS5096,JHFZP13,Precision 5540
CHAS5098,GM1DL13,Latitude 5500
CHAS5099,6V1DL13,Latitude 5500
CHAS5099.chas.local,,
CHAS5100,4J4BL13,Latitude 5500
CHAS5101,3S3Z233,OptiPlex 7770 AIO
CHAS5102,3SF6333,OptiPlex 7770 AIO
CHAS5103,3SF5333,OptiPlex 7770 AIO
CHAS5104,1YFH333,OptiPlex 7070
CHAS5106,2D3RM13,Latitude 5500
CHAS5107,1J7RM13,Latitude 5500
CHAS5109,FLHQM13,Latitude 5500
CHAS5110,5J89633,Latitude 5500
CHAS5111,FL89633,Latitude 5500
CHAS5111.chas.local,,
CHAS5112,2JDDN13,Latitude 5500
CHAS5113,7GTC633,Latitude 5500
CHAS5115,4K89633,Latitude 5500
CHAS5116,DM89633,Latitude 5500
CHAS5117,JHTC633,Latitude 5500
CHAS5118,DZF9633,Latitude 5500
CHAS5119,CW5B633,Latitude 5500
CHAS5121,3K6BN13,Latitude 5500
CHAS5122,6ZD6633,Latitude 5500
CHAS5124,9D1DN13,Latitude 5500
CHAS5125,DG1DN13,Latitude 5500
CHAS5126,GBZ3N13,Latitude 5500
CHAS5127,6SP3633,Latitude 5500
CHAS5129,HXN4633,Latitude 5500
CHAS5130,9C33633,Latitude 5500
CHAS5131,7DC8633,Latitude 5500
CHAS5132,1JCB633,Latitude 5500
CHAS5133,H2B3633,Latitude 5500
CHAS5134,3FZ6633,Latitude 5500
CHAS5135,293RM13,Latitude 5500
CHAS5135.chas.local,,
CHAS5135.chas.local,,
CHAS5136,5ZP8633,Latitude 5500
CHAS5138,GGVVK13,Latitude 5500
CHAS5139,GSG3433,Latitude 5500
CHAS5140,C7QG633,Latitude 5500
CHAS5142,F7NM633,Precision 5540
CHAS5143,HXBG633,Latitude 5500
CHAS5143.chas.local,,
CHAS5145,75Q4433,Latitude 5500
CHAS5147,810M433,Latitude 5500
CHAS5148,8XW3T13,OptiPlex 7070
CHAS5149,8XX2T13,OptiPlex 7070
CHAS5150,,
CHAS5151,8XS6T13,OptiPlex 7070
CHAS5152,8XT9T13,OptiPlex 7070
CHAS5153,7KBLL33,Latitude 5500
CHAS5154,D1ZKL33,Latitude 5500
CHAS5155,HGZKL33,Latitude 5500
CHAS5155.chas.local,,
CHAS5156,BHCLL33,Latitude 5500
CHAS5158,JYYKL33,Latitude 5500
CHAS5159,6FKLL33,Latitude 5500
CHAS5161,7ZYKL33,Latitude 5500
CHAS5162,83ZKL33,Latitude 5500
CHAS5163,GCCLL33,Latitude 5500
CHAS5163.chas.local,,
CHAS5164,,
CHAS5164,HLBLL33,Latitude 5500
CHAS5165,95T3L33,Latitude 5500
CHAS5165.chas.local,,
CHAS5166,B7KLL33,Latitude 5500
CHAS5167,BMBLL33,Latitude 5500
CHAS5168,3BBLL33,Latitude 5500
CHAS5169,JFMY333,Precision 5540
CHAS5169.chas.local,,
CHAS5170,6S64433,Latitude 5500
CHAS5170.chas.local,,
CHAS5170.chas.local,,
CHAS5171,6PRV533,Latitude 5500
CHAS5172,BQRV533,Latitude 5500
CHAS5173,2PRS533,Latitude 5500
CHAS5174,9BPT433,Precision 5540
CHAS5175,FQRS533,Latitude 5500
CHAS5176,,
CHAS5177,4FLV433,Latitude 5500
CHAS5179,BMZL533,Latitude 5500
CHAS5180,845Y433,Latitude 5500
CHAS5182,BXTGF33,OptiPlex 7070
CHAS5183,BXTHF33,OptiPlex 7070
CHAS5186,8XV9T13,OptiPlex 7070
CHAS5187,BXTDF33,OptiPlex 7070
CHAS5188,BXTBF33,OptiPlex 7070
CHAS5189,G95FN13,Latitude 5500
CHAS5190,CJ5FN13,Latitude 5500
CHAS5191,8Z7FN13,Latitude 5500
CHAS5192,C7Q2N13,Latitude 5500
CHAS5194,7L5FN13,Latitude 5500
CHAS5195,CP7XK33,Latitude 5500
CHAS5196,9TB5L33,Latitude 5500
CHAS5197,5FWTK33,Latitude 5500
CHAS5198,43JTK33,Latitude 5500
CHAS5199,JS26L33,Latitude 5500
CHAS5200,J6C4L33,Latitude 5500
CHAS5201,8G1LL33,Latitude 5500
CHAS5202,2H1ZK33,Latitude 5500
CHAS5203,4GZ4L33,Latitude 5500
CHAS5204,BN26L33,Latitude 5500
CHAS5205,CSW5L33,Latitude 5500
CHAS5206,6VY4L33,Latitude 5500
CHAS5206.chas.local,,
CHAS5206.chas.local,,
CHAS5207,3BJ5L33,Latitude 5500
CHAS5208,F2Z4L33,Latitude 5500
CHAS5209,JMS4L33,Latitude 5500
CHAS5210,8M3YK33,Latitude 5500
CHAS5211,1PP5L33,Latitude 5500
CHAS5212,GR76L33,Latitude 5500
CHAS5213,JPW5L33,Latitude 5500
CHAS5214,8NJW533,Latitude 5500
CHAS5215,GYP5433,Latitude 5500
CHAS5215.chas.local,,
CHAS5216,HWVJL33,Latitude 5500
CHAS5217,1L6KL33,Latitude 5500
CHAS5218,1ZMKL33,Latitude 5500
CHAS5219,GXJXK33,Latitude 5500
CHAS5220,B09N433,Latitude 7400
CHAS5221,JG9N433,Latitude 7400
CHAS5222,C5KP533,Latitude 7400
CHAS5223,4CLJ433,Latitude 7400
CHAS5224,GBFN533,Latitude 7400
CHAS5225,8J0Q533,Latitude 7400
CHAS5226,2GHN433,Latitude 7400
CHAS5228,7Q0L433,Latitude 7400
CHAS5229,9N7MM33,Precision 5540
CHAS5230,43C4L33,Latitude 5500
CHAS5231,1NTLL33,Latitude 5500
CHAS5232,6CW4X33,Latitude 5500
CHAS5233,41FPM33,Latitude 5500
CHAS5235,H6SQW33,Latitude 5500
CHAS5236,DFCRW33,Latitude 5500
CHAS5237,7DSQW33,Latitude 5500
CHAS5238,17SQW33,Latitude 5500
CHAS5239,7L77X33,Latitude 5500
CHAS5240,59Z7X33,Latitude 5500
CHAS5242,52Z7M33,Latitude 5500
CHAS5244,DG35M33,Latitude 5500
CHAS5244.chas.local,,
CHAS5245,1RQ8X33,Latitude 5500
CHAS5246,96C3X33,Latitude 5500
CHAS5247,37Z7X33,Latitude 5500
CHAS5249,7N4DX33,Latitude 5500
CHAS5250,806YW33,Latitude 5500
CHAS5251,CR9DX33,Latitude 5500
CHAS5252,3SFFX33,Latitude 5500
CHAS5253,3G0BX33,Latitude 5500
CHAS5254,1F3HM33,Precision 5540
CHAS5256.chas.local,,
CHAS5257,B246453,Latitude 5500
CHAS5257.chas.local,,
CHAS5258,7Z15453,Latitude 5500
CHAS5259,3C25453,Latitude 5500
CHAS5260,F9TL453,Latitude 7400
CHAS5261,CGWV253,Latitude 5500
CHAS5262,752W253,Latitude 5500
CHAS5263,J0JV253,Latitude 5500
CHAS5265,HK2R253,Latitude 5500
CHAS5265.chas.local,,
CHAS5266,7X3TZ33,Latitude 5500
CHAS5267,7S5PR33,OptiPlex 7470 AIO
CHAS5268,2LMVN53,Latitude 5510
CHAS5269,2FMVN53,Latitude 5510
CHAS5269,,
CHAS5270,D62R253,Latitude 5500
CHAS5271,DJ0Q253,Latitude 5500
CHAS5272,13TR253,Latitude 5500
CHAS5272.chas.local,,
CHAS5273,BJKQ253,Latitude 5500
CHAS5274,DD6Q253,Latitude 5500
CHAS5275,6TMQ453,Latitude 5500
CHAS5276,GF0Q253,Latitude 5500
CHAS5277,87MR253,Latitude 5500
CHAS5278,882R253,Latitude 5500
CHAS5279,9RNS453,Latitude 5500
CHAS5280,HWSR253,Latitude 5500
CHAS5281,JRFR253,Latitude 5500
CHAS5282,H4RQ253,Latitude 5500
CHAS5283,,
CHAS5283,FKFR253,Latitude 5500
CHAS5284,80HS453,Latitude 5500
CHAS5285,CTFR253,Latitude 5500
CHAS5285.chas.local,,
CHAS5287,C9MR253,Latitude 5500
CHAS5288,JYSR253,Latitude 5500
CHAS529,,
CHAS5290,F6F9N53,Latitude 5510
CHAS5291,BLQN253,Latitude 5500
CHAS5291.chas.local,,
CHAS5292,HL0Q253,Latitude 5500
CHAS5293,HW7R253,Latitude 5500
CHAS5294,BC2R253,Latitude 5500
CHAS5296,,
CHAS5297,9RRDN53,Latitude 5510
CHAS5298,FDXPM53,Latitude 5510
CHAS5299,1Y2NM53,XPS 13 9300
CHAS5302,21D1N53,Latitude 5510
CHAS5304,4VBNZ53,Latitude 5510
CHAS5305,,
CHAS5305,79CF063,Latitude 5510
CHAS5306,BM1F063,Latitude 5510
CHAS5307,9GTF063,Latitude 5510
CHAS5309,JYQF063,Latitude 5510
CHAS5311,DR1F063,Latitude 5510
CHAS5312,HTSN063,Precision 5550
CHAS5313,,
CHAS5313,CHXRN53,Precision 5540
CHAS5315,47BTZ53,Latitude 5510
CHAS5316,5NYTZ53,Latitude 5510
CHAS5317,B5NL063,Latitude 5510
CHAS5318,2KGN063,Latitude 5510
CHAS5319,DRYSZ53,Latitude 5510
CHAS5320,GSTP063,Latitude 5510
CHAS5321,DVK6M63,Latitude 5510
CHAS5322,4V18063,Latitude 5510
CHAS5323,9ZT5063,Latitude 5510
CHAS5324,FZ4YGG3,Latitude 5520
CHAS5325,D46Q063,Latitude 5510
CHAS5326,2XPG163,Latitude 5510
CHAS5328,BN5XZ53,Latitude 5510
CHAS5329,7NTF063,Latitude 5510
CHAS5330,BWQF063,Latitude 5510
CHAS5332,5TPF063,Latitude 5510
CHAS5334,,
CHAS5335,85Y9K63,Precision 5540
CHAS5336,5XQF063,Latitude 5510
CHAS5337,3Z7R253,Latitude 5500
CHAS5338,746Q253,Latitude 5500
CHAS5339,3NNS453,Latitude 5500
CHAS5340,9G0Q253,Latitude 5500
CHAS5341,C4TR253,Latitude 5500
CHAS5342,GTQN253,Latitude 5500
CHAS5343,F5TW7B3,OptiPlex 7080
CHAS5344,F5TV7B3,OptiPlex 7080
CHAS5345,DYBX7B3,OptiPlex 7480 AIO
CHAS5346,HJFPH63,OptiPlex 7080
CHAS5347,2ZYTZC3,OptiPlex 7480 AIO
CHAS5350,51RXV93,Latitude 5520
CHAS5351,5666RD2,OptiPlex 7040
CHAS5352,C3HPKB2,OptiPlex 3040
CHAS5353,DB2Z902,OptiPlex 9030 AIO
CHAS5354,H3BCPY2,OptiPlex 7460 AIO
CHAS5355,5Y3VHG3,Latitude 5520
CHAS5356,7R2PK63,Latitude 5510
CHAS5357,JZTSL63,Latitude 5510
CHAS5358,4PJ2063,Latitude 5510
CHAS5358.chas.local,,
CHAS5359,CD2R253,Latitude 5500
CHAS5360,JHNS453,Latitude 5500
CHAS5361,CF2R253,Latitude 5500
CHAS5362,7QTQ453,Latitude 5500
CHAS5363,BBCW303,Precision 5750
CHAS5364,8RGPQ53,Precision Tower 3431
CHAS5365,8RGMQ53,Precision Tower 3431
CHAS5366,8RGLQ53,Precision Tower 3431
CHAS5367,8RFVQ53,Precision Tower 3431
CHAS5368,8RGKQ53,Precision Tower 3431
CHAS5370,8RGNQ53,Precision Tower 3431
CHAS5371,1CM3673,Latitude 5510
CHAS5372,9BXN253,Latitude 5500
CHAS5373,JQQN253,Latitude 5500
CHAS5374,DR0Q253,Latitude 5500
CHAS5375,BZ2P253,Latitude 5500
CHAS5376,7SFR253,Latitude 5500
CHAS5377,D28R253,Latitude 5500
CHAS5378,GQ26H63,OptiPlex 7470 AIO
CHAS5379,5NFR253,Latitude 5500
CHAS5379.chas.local,,
CHAS5380,9V7R253,Latitude 5500
CHAS5381,562R253,Latitude 5500
CHAS5382,5LFR253,Latitude 5500
CHAS5383,CHXQ253,Latitude 5500
CHAS5384,61TR253,Latitude 5500
CHAS5384.chas.local,,
CHAS5385,GLXN253,Latitude 5500
CHAS5386,7F0Q253,Latitude 5500
CHAS5387,FDQP453,Latitude 5500
CHAS5388,9TNS453,Latitude 5500
CHAS5389,H1HS453,Latitude 5500
CHAS5390,938R253,Latitude 5500
CHAS5391,7XWP453,Latitude 5500
CHAS5392,4WFR253,Latitude 5500
CHAS5393,3KFR253,Latitude 5500
CHAS5394,CWQN253,Latitude 5500
CHAS5395,6LVR573,Latitude 5510
CHAS5396,8G3R573,Latitude 5510
CHAS5397,BP1V573,Latitude 5510
CHAS5399,162X473,Latitude 5510
CHAS5402,J4HR573,Latitude 5510
CHAS5403,H84T573,Latitude 5510
CHAS5404,69WT573,Latitude 5510
CHAS5405,C8PZ473,Latitude 5510
CHAS5406,GPY7H63,OptiPlex 7470 AIO
CHAS5407,3Y3HH63,OptiPlex 7080
CHAS5408,JTYFH63,Precision 3440
CHAS5409,3Y2KH63,OptiPlex 7080
CHAS5410,3Y3GH63,OptiPlex 7080
CHAS5411,2T8CH63,OptiPlex 7470 AIO
CHAS5412,GQ25H63,OptiPlex 7470 AIO
CHAS5413,GPY6H63,OptiPlex 7470 AIO
CHAS5414,JDVR573,Latitude 5510
CHAS5415,8PNR573,Latitude 5510
CHAS5416,8LYS573,Latitude 5510
CHAS5417,C6WT573,Latitude 5510
CHAS5417.chas.local,,
CHAS5418,BR1V573,Latitude 5510
CHAS5419,9N3R573,Latitude 5510
CHAS5419.chas.local,,
CHAS5419.chas.local,,
CHAS5420,JY0S573,Latitude 5510
CHAS5421,FG0Q253,Latitude 5500
CHAS5422,GB2R253,Latitude 5500
CHAS5422.chas.local,,
CHAS5422.chas.local,,
CHAS5422.chas.local,,
CHAS5423,FFXQ253,Latitude 5500
CHAS5424,HBXQ253,Latitude 5500
CHAS5425,BX49373,Latitude 5510
CHAS5426,GJL9373,Latitude 5510
CHAS5427,5Y8DN53,Precision 5550
CHAS5428,9NHFQ53,OptiPlex 7470 AIO
CHAS5429,9NHJQ53,OptiPlex 7470 AIO
CHAS5430,9NHM853,OptiPlex 7470 AIO
CHAS5431,9NHHQ53,OptiPlex 7470 AIO
CHAS5432,9NHGQ53,OptiPlex 7470 AIO
CHAS5433,3Y2MH63,OptiPlex 7080
CHAS5434,3Y3DH63,OptiPlex 7080
CHAS5435,3Y3JH63,OptiPlex 7080
CHAS5437,3Y2LH63,OptiPlex 7080
CHAS5438,3Y3CH63,OptiPlex 7080
CHAS5439,JGYM163,Latitude 5510
CHAS5440,7GYM163,Latitude 5510
CHAS5441,HYRM163,Latitude 5510
CHAS5442,2DXQ253,Latitude 5500
CHAS5444,CJ0Q253,Latitude 5500
CHAS5445,7TFR253,Latitude 5500
CHAS5446,FSFH673,OptiPlex 7480 AIO
CHAS5447,FSFG673,OptiPlex 7480 AIO
CHAS5449,67WV673,OptiPlex 7480 AIO
CHAS5450,67VP673,OptiPlex 7480 AIO
CHAS5451,6ZRM163,Latitude 5510
CHAS5452,G41H373,Latitude 5510
CHAS5452.chas.local,,
CHAS5454,9S6S573,Latitude 5510
CHAS5455,7JVR573,Latitude 5510
CHAS5456,64HR573,Latitude 5510
CHAS5458,659R573,Latitude 5510
CHAS5459,BT6S573,Latitude 5510
CHAS5460,BMNR573,Latitude 5510
CHAS5461,46LS573,Latitude 5510
CHAS5462,241S573,Latitude 5510
CHAS5463,1M3R573,Latitude 5510
CHAS5463.chas.local,,
CHAS5464,BPDS573,Latitude 5510
CHAS5466,F9F1853,OptiPlex 7770 AIO
CHAS5467,44MR253,Latitude 5500
CHAS5468,1ZRS573,Latitude 5510
CHAS5469,4GVR573,Latitude 5510
CHAS5470,5GKQ253,Latitude 5500
CHAS5471,C88Q453,Latitude 5500
CHAS5472,848R253,Latitude 5500
CHAS5473,8ZSR253,Latitude 5500
CHAS5474,F3XP453,Latitude 5500
CHAS5475,448R253,Latitude 5500
CHAS5476,2RNR573,Latitude 5510
CHAS5477,J8VR573,Latitude 5510
CHAS5478,3CPT573,Latitude 5510
CHAS5479,36MNN73,Latitude 7410
CHAS5481,36H7G73,OptiPlex 7480 AIO
CHAS5482,CRX8773,OptiPlex 7480 AIO
CHAS5483,36F6G73,OptiPlex 7480 AIO
CHAS5484,4RFS673,OptiPlex 7080
CHAS5485,G7M6773,OptiPlex 7480 AIO
CHAS5487,G7M6G73,OptiPlex 7480 AIO
CHAS5488,G7N0773,OptiPlex 7480 AIO
CHAS5489,G7M8773,OptiPlex 7480 AIO
CHAS5490,G7MZF73,OptiPlex 7480 AIO
CHAS5491,G7N1773,OptiPlex 7480 AIO
CHAS5491.chas.local,,
CHAS5492,G7M5773,OptiPlex 7480 AIO
CHAS5493,G7M7773,OptiPlex 7480 AIO
CHAS5494,G7M8G73,OptiPlex 7480 AIO
CHAS5495,14S6S73,Latitude 5510
CHAS5495.chas.local,,
CHAS5496,B1S6S73,Latitude 5510
CHAS5497,5VLZR73,Latitude 5510
CHAS5498,D3MZR73,Latitude 5510
CHAS5499,9TW8S73,Latitude 5510
CHAS5500,FQY6S73,Latitude 5510
CHAS5502,9GL6S73,Latitude 5510
CHAS5503,HXLZR73,Latitude 5510
CHAS5503.chas.local,,
CHAS5504,44MZR73,Latitude 5510
CHAS5506,8Y40S73,Latitude 5510
CHAS5507,1550S73,Latitude 5510
CHAS5507.chas.local,,
CHAS5507.chas.local,,
CHAS5508,BZW8S73,Latitude 5510
CHAS5509,CFL0S73,Latitude 5510
CHAS5510,F350S73,Latitude 5510
CHAS5511,3XR6S73,Latitude 5510
CHAS5512,G7M4G73,OptiPlex 7480 AIO
CHAS5513,HC21G73,OptiPlex 7480 AIO
CHAS5515,G7MZ673,OptiPlex 7480 AIO
CHAS5516,,
CHAS5517,G7N0G73,OptiPlex 7480 AIO
CHAS5518,JPJLQ73,Latitude 5510
CHAS5519,6FJLQ73,Latitude 5510
CHAS5520,BDZKQ73,Latitude 5510
CHAS5521,47VRQ73,Latitude 5510
CHAS5522,BKZKQ73,Latitude 5510
CHAS5523,30CLQ73,Latitude 5510
CHAS5523.chas.local,,
CHAS5523.chas.local,,
CHAS5524,JCWCR73,Latitude 5510
CHAS5525,4VSKQ73,Latitude 5510
CHAS5526,66WCR73,Latitude 5510
CHAS5526.chas.local,,
CHAS5527,59WCR73,Latitude 5510
CHAS5528,94BMM83,OptiPlex 7480 AIO
CHAS5530,BT6F893,Precision 5550
CHAS5530.chas.local,,
CHAS5531,JRDG893,Latitude 5510
CHAS5532,5KNG893,Latitude 5510
CHAS5533,78CY793,Latitude 5510
CHAS5533.chas.local,,
CHAS5534,9W90693,Latitude 7410
CHAS5536,C7S7N83,OptiPlex 7480 AIO
CHAS5537,37YDN83,OptiPlex 7480 AIO
CHAS5538,C7T2N83,OptiPlex 7480 AIO
CHAS5539,C7S6N83,OptiPlex 7480 AIO
CHAS5540,63Z4N83,OptiPlex 7480 AIO
CHAS5541,63D7N83,OptiPlex 7480 AIO
CHAS5542,C7T4N83,OptiPlex 7480 AIO
CHAS5543,C7T3N83,OptiPlex 7480 AIO
CHAS5544,C7T5N83,OptiPlex 7480 AIO
CHAS5545,C7T1N83,OptiPlex 7480 AIO
CHAS5546,C7S5N83,OptiPlex 7480 AIO
CHAS5547,78MR253,Latitude 5500
CHAS5548,2XSR253,Latitude 5500
CHAS5549,8PQN253,Latitude 5500
CHAS5550,BSMQ453,Latitude 5500
CHAS5551,313P253,Latitude 5500
CHAS5552,2CXQ253,Latitude 5500
CHAS5553,4P3R573,Latitude 5510
CHAS5554,GPQN253,Latitude 5500
CHAS5555,H7X3793,Precision 5550
CHAS5555.chas.local,,
CHAS5555.chas.local,,
CHAS5556,BLLZJ93,OptiPlex 7480 AIO
CHAS5557,BLXWJ93,OptiPlex 7480 AIO
CHAS5558,BLXXJ93,OptiPlex 7480 AIO
CHAS5560,228K593,Latitude 5510
CHAS5561,99ZXP13,Latitude 7400
CHAS5562,70HR573,Latitude 5510
CHAS5563,6NNR573,Latitude 5510
CHAS5563.chas.local,,
CHAS5564,972R253,Latitude 5500
CHAS5565,1DXN253,Latitude 5500
CHAS5566,6TQQ253,Latitude 5500
CHAS5567,6MFR253,Latitude 5500
CHAS5568,FY7R253,Latitude 5500
CHAS5569,JJ0Q253,Latitude 5500
CHAS5570,HXV8GB3,Latitude 5510
CHAS5571,7ZV8GB3,Latitude 5510
CHAS5572,HYV8GB3,Latitude 5510
CHAS5572.chas.local,,
CHAS5573,DXV8GB3,Latitude 5510
CHAS5574,DYV8GB3,Latitude 5510
CHAS5575,B9Q1K93,OptiPlex 7480 AIO
CHAS5577,8X7ZFB3,Precision 5550
CHAS5578,8HVGG63,Latitude 5520
CHAS5579,JGLMK93,OptiPlex 7780 AIO
CHAS5580,GZZW7B3,OptiPlex 7480 AIO
CHAS5581,JGLLK93,OptiPlex 7780 AIO
CHAS5582,78QD8B3,OptiPlex 7480 AIO
CHAS5583,36H6G73,OptiPlex 7480 AIO
CHAS5584,CJJSFB3,Precision 5550
CHAS5584.chas.local,,
CHAS5585,D97RFB3,Precision 5550
CHAS5587,CYXYM93,Latitude 5520
CHAS5588,,Latitude 5510
CHAS5588,,
CHAS5588,,
CHAS5589,3MGRN93,Latitude 5520
CHAS5589.chas.local,,
CHAS5590,JLGRN93,Latitude 5520
CHAS5591,HKXRCB3,Latitude 5510
CHAS5592,1MGRN93,Latitude 5520
CHAS5593,D7DB8B3,OptiPlex 7480 AIO
CHAS5594,DZLZR73,Latitude 5510
CHAS5595,2MGRN93,Latitude 5520
CHAS5596,1TTFN93,Latitude 5520
CHAS5597,DNPRFB3,Latitude 5510
CHAS5598,9YXYM93,Latitude 5520
CHAS5599,4775N93,Latitude 5520
CHAS5601,4WBLN93,Latitude 5520
CHAS5602,,
CHAS5602,5MFHX93,Latitude 5520
CHAS5602.chas.local,,
CHAS5603,GMFHX93,Latitude 5520
CHAS5604,4MFHX93,Latitude 5520
CHAS5605,,OptiPlex 7470 All in One
CHAS5605,,
CHAS5606,JMFHX93,Latitude 5520
CHAS5607,DMFHX93,Latitude 5520
CHAS5608,9MFHX93,Latitude 5520
CHAS5609,FMFHX93,Latitude 5520
CHAS5610,6MFHX93,Latitude 5520
CHAS5611,648FZB3,OptiPlex 7480 AIO
CHAS5612,5KWCZB3,OptiPlex 7480 AIO
CHAS5613,GBPJK93,OptiPlex 7080
CHAS5614,81N5Y93,Latitude 5520
CHAS5614.chas.local,,
CHAS5615,D1N5Y93,Latitude 5520
CHAS5615.chas.local,,
CHAS5615.chas.local,,
CHAS5616,42N5Y93,Latitude 5520
CHAS5617,G1N5Y93,Latitude 5520
CHAS5618,22N5Y93,Latitude 5520
CHAS5619,J8MR253,Latitude 5500
CHAS5620,F2XP453,Latitude 5500
CHAS5621,DSNS453,Latitude 5500
CHAS5622,3WNR573,Latitude 5510
CHAS5623,D59R573,Latitude 5510
CHAS5624,B26R453,Latitude 5500
CHAS5624.chas.local,,
CHAS5625,711S573,Latitude 5510
CHAS5626,8QFR253,Latitude 5500
CHAS5627,J4SS573,Latitude 5510
CHAS5628,1VLV8B3,OptiPlex 7080
CHAS5629,64M5Y93,Latitude 5520
CHAS5630,6ZGR573,Latitude 5510
CHAS5631,HXWP453,Latitude 5500
CHAS5632,95LSZB3,OptiPlex 7480 AIO
CHAS5633,HBS7Z93,Latitude 5520
CHAS5634,9VB34D3,Latitude 7420
CHAS5635,23HCZ93,Latitude 5520
CHAS5636,4PY10B3,Latitude 5520
CHAS5639,8SLZR73,Latitude 5510
CHAS5640,51MZR73,Latitude 5510
CHAS5641,90MZR73,Latitude 5510
CHAS5641.chas.local,,
CHAS5642,HDFNZ93,Latitude 5520
CHAS5643,2FFNZ93,Latitude 5520
CHAS5644,C2020B3,Latitude 5520
CHAS5645,1FFNZ93,Latitude 5520
CHAS5646,7BX10B3,Latitude 5520
CHAS5647,3FFNZ93,Latitude 5520
CHAS5648,4FFNZ93,Latitude 5520
CHAS5649,7T1GZ93,Latitude 5520
CHAS5650,BT5LZB3,OptiPlex 7780 AIO
CHAS5651,BT5JZB3,OptiPlex 7780 AIO
CHAS5652,F9F0853,OptiPlex 7770 AIO
CHAS5653,BT5MZB3,OptiPlex 7780 AIO
CHAS5654,,
CHAS5654,,Latitude 5500
CHAS5654,,
CHAS5654,,
CHAS5654,,
CHAS5655,BMFHX93,Latitude 5520
CHAS5656,8FP7Z93,Latitude 5520
CHAS5658,6FP7Z93,Latitude 5520
CHAS5659,5FP7Z93,Latitude 5520
CHAS5660,7FP7Z93,Latitude 5520
CHAS5661,CMFHX93,Latitude 5520
CHAS5662,HMFHX93,Latitude 5520
CHAS5662.chas.local,,
CHAS5663,400GZ93,Latitude 5520
CHAS5664,8MFHX93,Latitude 5520
CHAS5665,2NFHX93,Latitude 5520
CHAS5666,H9400C3,OptiPlex 7780 AIO
CHAS5667,90CZ0B3,Latitude 5520
CHAS5668,1VLT8B3,OptiPlex 7080
CHAS5669,BT5NZB3,OptiPlex 7780 AIO
CHAS5670,BT4SZB3,OptiPlex 7780 AIO
CHAS5671,BT5KZB3,OptiPlex 7780 AIO
CHAS5672,BT4TZB3,OptiPlex 7780 AIO
CHAS5673,BT4RZB3,OptiPlex 7780 AIO
CHAS5674,,
CHAS5674,JDT24D3,Latitude 5511
CHAS5675,,
CHAS5675,4GSV8D3,Latitude 5511
CHAS5676,4DVM0B3,Latitude 5520
CHAS5677,2DVM0B3,Latitude 5520
CHAS5678,CDX4N83,Precision 3440
CHAS5679,G500Q93,Latitude 5520
CHAS5680,4YZZP93,Latitude 5520
CHAS5682,DSXZP93,Latitude 5520
CHAS5683,7100Q93,Latitude 5520
CHAS5684,6YZZP93,Latitude 5520
CHAS5685,GYYZP93,Latitude 5520
CHAS5686,5100Q93,Latitude 5520
CHAS5687,5YZZP93,Latitude 5520
CHAS5688,4100Q93,Latitude 5520
CHAS5689,6100Q93,Latitude 5520
CHAS5689.chas.local,,
CHAS5690,9MTQQ93,Latitude 5520
CHAS5691,4BCVQ93,Latitude 5520
CHAS5692,BMTQQ93,Latitude 5520
CHAS5693,,
CHAS5693,3100Q93,Latitude 5520
CHAS5693,,
CHAS5695,2KBVQ93,Latitude 5520
CHAS5696,5BCVQ93,Latitude 5520
CHAS5697,20YZP93,Latitude 5520
CHAS5698,C1LB9G3,Latitude 5520
CHAS5699,6SXZP93,Latitude 5520
CHAS5700,7BZZP93,Latitude 5520
CHAS5701,DD00Q93,Latitude 5520
CHAS5704,CD00Q93,Latitude 5520
CHAS5704.chas.local,,
CHAS5705,H7M27D3,Precision 5550
CHAS5707,,
CHAS5707,H9ZZP93,Latitude 5520
CHAS5708,4BZZP93,Latitude 5520
CHAS5708.chas.local,,
CHAS5709,G9ZZP93,Latitude 5520
CHAS5710,JBZZP93,Latitude 5520
CHAS5711,FBZZP93,Latitude 5520
CHAS5712,2BZZP93,Latitude 5520
CHAS5713,1CZZP93,Latitude 5520
CHAS5714,39ZZP93,Latitude 5520
CHAS5715,GBZZP93,Latitude 5520
CHAS5716,19XQ253,Latitude 5500
CHAS5717,5MQN253,Latitude 5500
CHAS5718,D9ZZP93,Latitude 5520
CHAS5719,366Q253,Latitude 5500
CHAS5720,5LXQ253,Latitude 5500
CHAS5721,4G0Q253,Latitude 5500
CHAS5722,62TR253,Latitude 5500
CHAS5723,JHQP453,Latitude 5500
CHAS5724,1SQQ253,Latitude 5500
CHAS5725,1MFR253,Latitude 5500
CHAS5726,59XN253,Latitude 5500
CHAS5727,FSQN253,Latitude 5500
CHAS5729,C8ZZP93,Latitude 5520
CHAS5729,,
CHAS5729.chas.local,,
CHAS5729.chas.local,,
CHAS5730,1BZZP93,Latitude 5520
CHAS5730.chas.local,,
CHAS5731,D8ZZP93,Latitude 5520
CHAS5733,99ZZP93,Latitude 5520
CHAS5733,,
CHAS5733.chas.local,,
CHAS5734,7SXZP93,Latitude 5520
CHAS5734,,
CHAS5734,,
CHAS5734.chas.local,,
CHAS5735,8SXZP93,Latitude 5520
CHAS5736,98ZZP93,Latitude 5520
CHAS5737,J8ZZP93,Latitude 5520
CHAS5737.chas.local,,
CHAS5738,56BZZB3,OptiPlex 7480 AIO
CHAS5739,56BWZB3,OptiPlex 7480 AIO
CHAS5740,56BVZB3,OptiPlex 7480 AIO
CHAS5741,56B30C3,OptiPlex 7480 AIO
CHAS5742,6QFSR93,Latitude 5520
CHAS5743,CDDSR93,Latitude 5520
CHAS5744,8DDSR93,Latitude 5520
CHAS5745,F1FSR93,Latitude 5520
CHAS5746,9QFSR93,Latitude 5520
CHAS5747,BBFSR93,Latitude 5520
CHAS5748,67FSR93,Latitude 5520
CHAS5749,HCDSR93,Latitude 5520
CHAS5750,128FKD3,OptiPlex 7080
CHAS5751,128HKD3,OptiPlex 7080
CHAS5752,128GKD3,OptiPlex 7080
CHAS5754,HQFSR93,Latitude 5520
CHAS5755,BQFSR93,Latitude 5520
CHAS5756,3RFSR93,Latitude 5520
CHAS5757,1DDSR93,Latitude 5520
CHAS5758,4DDSR93,Latitude 5520
CHAS5759,9DDSR93,Latitude 5520
CHAS5760,77FSR93,Latitude 5520
CHAS5760.chas.local,,
CHAS5761,6DDSR93,Latitude 5520
CHAS5762,47FSR93,Latitude 5520
CHAS5763,5DDSR93,Latitude 5520
CHAS5764,57FSR93,Latitude 5520
CHAS5766,FQFSR93,Latitude 5520
CHAS5767,2RFSR93,Latitude 5520
CHAS5767,,
CHAS5767,,
CHAS5767,,
CHAS5768,1RFSR93,Latitude 5520
CHAS5769,JCDSR93,Latitude 5520
CHAS5770,2DDSR93,Latitude 5520
CHAS5771,7YZZP93,Latitude 5520
CHAS5771.chas.local,,
CHAS5772,3DDSR93,Latitude 5520
CHAS5773,,
CHAS5774,28BWR73,Latitude 5510
CHAS5775,9BZZP93,Latitude 5520
CHAS5776,69ZZP93,Latitude 5520
CHAS5777,9SXZP93,Latitude 5520
CHAS5778,7QFSR93,Latitude 5520
CHAS5779,HYYZP93,Latitude 5520
CHAS5780,HBZZP93,Latitude 5520
CHAS5781,8WLZR73,Latitude 5510
CHAS5782,DQFSR93,Latitude 5520
CHAS5783,CQFSR93,Latitude 5520
CHAS5784,JQFSR93,Latitude 5520
CHAS5785,GQFSR93,Latitude 5520
CHAS5786,GCDSR93,Latitude 5520
CHAS5787,DCDSR93,Latitude 5520
CHAS5788,8QFSR93,Latitude 5520
CHAS5789,47MZ5D3,Precision 5550
CHAS5790,,
CHAS5790,CBZZP93,Latitude 5520
CHAS5791,58ZZP93,Latitude 5520
CHAS5792,CNXRYD3,Precision 5550
CHAS5793,9QXRYD3,Precision 5550
CHAS5794,487TYD3,Precision 5550
CHAS5794.chas.local,,
CHAS5795,DCFZR73,Latitude 5510
CHAS5795.chas.local,,
CHAS5796,JD0DS73,Latitude 5510
CHAS5797,9TLZR73,Latitude 5510
CHAS5798,6MKSYD3,Precision 5550
CHAS5799,BY9XV93,Latitude 5520
CHAS5801,CY9XV93,Latitude 5520
CHAS5802,12GXV93,Latitude 5520
CHAS5803,22GXV93,Latitude 5520
CHAS5804,JWMXV93,Latitude 5520
CHAS5805,197XV93,Latitude 5520
CHAS5806,HWMXV93,Latitude 5520
CHAS5807,3ZQXV93,Latitude 5520
CHAS5808,DY9XV93,Latitude 5520
CHAS5809,20JXV93,Latitude 5520
CHAS5810,4LLTYD3,Precision 5550
CHAS5811,919SYD3,Precision 5550
CHAS5813,8NXRYD3,Precision 5550
CHAS5813.chas.local,,
CHAS5814,42JX3D3,Latitude 5511
CHAS5815,9TPW8D3,Latitude 5511
CHAS5816,7DFZR73,Latitude 5510
CHAS5817,78ZZP93,Latitude 5520
CHAS5817.chas.local,,
CHAS5818,5BZZP93,Latitude 5520
CHAS5819,3BZZP93,Latitude 5520
CHAS5820,297XV93,Latitude 5520
CHAS5821,1XMXV93,Latitude 5520
CHAS5821,,
CHAS5822,4TXTJD3,OptiPlex 7480 AIO
CHAS5823,1YS1333,OptiPlex 5070
CHAS5824,G7XQNF3,OptiPlex 7080
CHAS5826,G7XSNF3,OptiPlex 7080
CHAS5827,2CZZP93,Latitude 5520
CHAS5828,8BZZP93,Latitude 5520
CHAS5829,79ZZP93,Latitude 5520
CHAS5830,49ZZP93,Latitude 5520
CHAS5831,68ZZP93,Latitude 5520
CHAS5832,B8ZZP93,Latitude 5520
CHAS5833,J9ZZP93,Latitude 5520
CHAS5834,6BZZP93,Latitude 5520
CHAS5835,29ZZP93,Latitude 5520
CHAS5836,,
CHAS5836,DBZZP93,Latitude 5520
CHAS5837,G8ZZP93,Latitude 5520
CHAS5837.chas.local,,
CHAS5838,59ZZP93,Latitude 5520
CHAS5839,88ZZP93,Latitude 5520
CHAS5840,F8ZZP93,Latitude 5520
CHAS5841,BBZZP93,Latitude 5520
CHAS5842,FVF54B3,Latitude 5520
CHAS5843,BXB54B3,Latitude 5520
CHAS5844,CCG54B3,Latitude 5520
CHAS5845,4XB54B3,Latitude 5520
CHAS5846,DVF54B3,Latitude 5520
CHAS5847,82B54B3,Latitude 5520
CHAS5849,67G54B3,Latitude 5520
CHAS5850,5VC54B3,Latitude 5520
CHAS5851,HVF54B3,Latitude 5520
CHAS5852,2KG54B3,Latitude 5520
CHAS5853,76052G3,OptiPlex 7780 AIO
CHAS5854,76042G3,OptiPlex 7780 AIO
CHAS5855,760Y1G3,OptiPlex 7780 AIO
CHAS5857,9FWX353,Latitude 7420
CHAS5858,JVF54B3,Latitude 5520
CHAS5859,3WF54B3,Latitude 5520
CHAS5859.chas.local,,
CHAS5860,3VF54B3,Latitude 5520
CHAS5861,9FD54B3,Latitude 5520
CHAS5863,9XB54B3,Latitude 5520
CHAS5864,GVF54B3,Latitude 5520
CHAS5865,3B2H4B3,Latitude 5520
CHAS5866,7B2H4B3,Latitude 5520
CHAS5867,2B2H4B3,Latitude 5520
CHAS5868,4B2H4B3,Latitude 5520
CHAS5869,DFDN4B3,Latitude 5520
CHAS5870,HFDN4B3,Latitude 5520
CHAS5871,61ZJ5B3,Latitude 5520
CHAS5872,J3ZJ5B3,Latitude 5520
CHAS5873,B1ZJ5B3,Latitude 5520
CHAS5874,FHZJ5B3,Latitude 5520
CHAS5874.chas.local,,
CHAS5875,,
CHAS5876,8KZJ5B3,Latitude 5520
CHAS5877,FFDN4B3,Latitude 5520
CHAS5878,GFDN4B3,Latitude 5520
CHAS5879,53FN4B3,Latitude 5520
CHAS5880,63FN4B3,Latitude 5520
CHAS5881,6B2H4B3,Latitude 5520
CHAS5882,1091312651,Surface Go 2
CHAS5883,11403512551,Surface Go 2
CHAS5884,1CG54B3,Latitude 5520
CHAS5884.chas.local,,
CHAS5885,FBG54B3,Latitude 5520
CHAS5887,24ZJ5B3,Latitude 5520
CHAS5888,5B2H4B3,Latitude 5520
CHAS5889,1B2H4B3,Latitude 5520
CHAS5890,54DK4B3,Latitude 5520
CHAS5890.chas.local,,
CHAS5890.chas.local,,
CHAS5891,BKZJ5B3,Latitude 5520
CHAS5892,48CZ8G3,Latitude 5520
CHAS5893,9CPJ5B3,Latitude 5520
CHAS5894,9NQB9G3,Latitude 5520
CHAS5894.chas.local,,
CHAS5895,J02G8G3,Precision 5560
CHAS5895,,
CHAS5896,FDLB9G3,Latitude 5520
CHAS5896.chas.local,,
CHAS5897,B6LB9G3,Latitude 5520
CHAS5898,12LB9G3,Latitude 5520
CHAS5899,8XKB9G3,Latitude 5520
CHAS5899.chas.local,,
CHAS5900,43YX333,Latitude 7400
CHAS5901,3127BG3,Latitude 5520
CHAS5902,CH4R7G3,Precision 5560
CHAS5903,FXPB9G3,Latitude 5520
CHAS5904,D2LB9G3,Latitude 5520
CHAS5905,39LB9G3,Latitude 5520
CHAS5906,7LCZ8G3,Latitude 5520
CHAS5907,3Y17BG3,Latitude 5520
CHAS5908,D6LB9G3,Latitude 5520
CHAS5909,72QB9G3,Latitude 5520
CHAS5910,61LB9G3,Latitude 5520
CHAS5911,6Y17BG3,Latitude 5520
CHAS5912,3227BG3,Latitude 5520
CHAS5913,HG27BG3,Latitude 5520
CHAS5914,HZ17BG3,Latitude 5520
CHAS5915,2Z17BG3,Latitude 5520
CHAS5916,C127BG3,Latitude 5520
CHAS5916.chas.local,,
CHAS5917,J127BG3,Latitude 5520
CHAS5918,8127BG3,Latitude 5520
CHAS5919,9Y17BG3,Latitude 5520
CHAS5920,JX17BG3,Latitude 5520
CHAS5921,F127BG3,Latitude 5520
CHAS5922,52LB9G3,Latitude 5520
CHAS5923,72LB9G3,Latitude 5520
CHAS5924,22LB9G3,Latitude 5520
CHAS5924.chas.local,,
CHAS5925,71LB9G3,Latitude 5520
CHAS5926,62LB9G3,Latitude 5520
CHAS5927,J1LB9G3,Latitude 5520
CHAS5928,2XB54B3,Latitude 5520
CHAS5929,3XB54B3,Latitude 5520
CHAS5929.chas.local,,
CHAS5930,71H54B3,Latitude 5520
CHAS5931,5Y17BG3,Latitude 5520
CHAS5933,9J27BG3,Latitude 5520
CHAS5934,D027BG3,Latitude 5520
CHAS5935,6K4NFG3,Latitude 5520
CHAS5935.chas.local,,
CHAS5936,GZ17BG3,Latitude 5520
CHAS5937,2127BG3,Latitude 5520
CHAS5938,CVF54B3,Latitude 5520
CHAS5939,4KG54B3,Latitude 5520
CHAS5940,1WF54B3,Latitude 5520
CHAS5940.chas.local,,
CHAS5941,2Y17BG3,Latitude 5520
CHAS5942,1Y17BG3,Latitude 5520
CHAS5944,BH27BG3,Latitude 5520
CHAS5945,G027BG3,Latitude 5520
CHAS5946,9Z17BG3,Latitude 5520
CHAS5947,B1LB9G3,Latitude 5520
CHAS5948,GBW88G3,Precision 5560
CHAS5948.chas.local,,
CHAS5949,7Y17BG3,Latitude 5520
CHAS5950,G127BG3,Latitude 5520
CHAS5951,FZ17BG3,Latitude 5520
CHAS5952,32LB9G3,Latitude 5520
CHAS5953,D127BG3,Latitude 5520
CHAS5954,H027BG3,Latitude 5520
CHAS5955,4127BG3,Latitude 5520
CHAS5956,,Latitude 5520
CHAS5957,1Z17BG3,Latitude 5520
CHAS5958,51LB9G3,Latitude 5520
CHAS5959,715YGG3,Latitude 5520
CHAS5960,8J27BG3,Latitude 5520
CHAS5961,BY17BG3,Latitude 5520
CHAS5962,7H27BG3,Latitude 5520
CHAS5963,2CG54B3,Latitude 5520
CHAS5964,B5TF2G3,OptiPlex 5090
CHAS5965,115YGG3,Latitude 5520
CHAS5966,BZ4YGG3,Latitude 5520
CHAS5967,205YGG3,Latitude 5520
CHAS5968,GT4YGG3,Latitude 5520
CHAS5969,13C6RG3,Latitude 5520
CHAS5970,GG27BG3,Latitude 5520
CHAS5971,CZ4YGG3,Latitude 5520
CHAS5972,JMBSRG3,Latitude 5520
CHAS5972.chas.local,,
CHAS5973,GLBSRG3,Latitude 5520
CHAS5975,4MBSRG3,Latitude 5520
CHAS5976,8LBSRG3,Latitude 5520
CHAS5977,DLBSRG3,Latitude 5520
CHAS5978,GMBSRG3,Latitude 5520
CHAS5979,HDHFCK3,Latitude 5421
CHAS5980,F5LBHG3,Latitude 5520
CHAS5981,D1LB9G3,Latitude 5520
CHAS5982,B0DK3L3,OptiPlex 7490 AIO
CHAS5983,70DK3L3,OptiPlex 7490 AIO
CHAS5984,C0DK3L3,OptiPlex 7490 AIO
CHAS5985,50DK3L3,OptiPlex 7490 AIO
CHAS5986,60DK3L3,OptiPlex 7490 AIO
CHAS5987,80DK3L3,OptiPlex 7490 AIO
CHAS5988,25JZ2L3,OptiPlex 5090
CHAS5989,42LB9G3,Latitude 5520
CHAS5990,90DK3L3,OptiPlex 7490 AIO
CHAS5991,DX3VHG3,Latitude 5520
CHAS5992,J4JZ2L3,OptiPlex 5090
CHAS5993,7J27BG3,Latitude 5520
CHAS5994,HH27BG3,Latitude 5520
CHAS5996,91LB9G3,Latitude 5520
CHAS5998,16LBHG3,Latitude 5520
CHAS5999,9127BG3,Latitude 5520
CHAS6007,7127BG3,Latitude 5520
CHAS6008,3H27BG3,Latitude 5520
CHAS6009,6127BG3,Latitude 5520
CHAS6010,5J27BG3,Latitude 5520
CHAS6011,JJ27BG3,Latitude 5520
CHAS6012,5Z17BG3,Latitude 5520
CHAS6013,2H27BG3,Latitude 5520
CHAS6014,2J27BG3,Latitude 5520
CHAS6015,1027BG3,Latitude 5520
CHAS6016,GH27BG3,Latitude 5520
CHAS6017,DH27BG3,Latitude 5520
CHAS6018,JZ17BG3,Latitude 5520
CHAS6019,B127BG3,Latitude 5520
CHAS6020,9027BG3,Latitude 5520
CHAS6021,J027BG3,Latitude 5520
CHAS6022,6CZZP93,Latitude 5520
CHAS6022.chas.local,,
CHAS6023,5B5Q1J3,Precision 5560
CHAS6024,DDWJ6J3,Latitude 7420
CHAS6025,49MQRG3,Latitude 5520
CHAS6026,66VL3J3,Latitude 7420
CHAS6027,2L6M3J3,Latitude 7420
CHAS6027.chas.local,,
CHAS6028,841M3J3,Latitude 7420
CHAS6029,605YGG3,Latitude 5520
CHAS6029.chas.local,,
CHAS6030,5W4YGG3,Latitude 5520
CHAS6031,HX17BG3,Latitude 5520
CHAS6032,2W4YGG3,Latitude 5520
CHAS6033,305YGG3,Latitude 5520
CHAS6034,D05YGG3,Latitude 5520
CHAS6035,CT4YGG3,Latitude 5520
CHAS6036,B027BG3,Latitude 5520
CHAS6037,G05YGG3,Latitude 5520
CHAS6037.chas.local,,
CHAS6039,8Z4YGG3,Latitude 5520
CHAS6040,6027BG3,Latitude 5520
CHAS6041,5027BG3,Latitude 5520
CHAS6043,HT4YGG3,Latitude 5520
CHAS6044,8T4YGG3,Latitude 5520
CHAS6045,DT4YGG3,Latitude 5520
CHAS6046,C027BG3,Latitude 5520
CHAS6047,8027BG3,Latitude 5520
CHAS6047.chas.local,,
CHAS6047.chas.local,,
CHAS6048,JT4YGG3,Latitude 5520
CHAS6049,6Z17BG3,Latitude 5520
CHAS6050,4027BG3,Latitude 5520
CHAS6051,J327BG3,Latitude 5520
CHAS6052,4J27BG3,Latitude 5520
CHAS6053,HZ4YGG3,Latitude 5520
CHAS6054,4Y17BG3,Latitude 5520
CHAS6055,BZ17BG3,Latitude 5520
CHAS6055.chas.local,,
CHAS6056,3J27BG3,Latitude 5520
CHAS6057,9H27BG3,Latitude 5520
CHAS6058,7027BG3,Latitude 5520
CHAS6059,H127BG3,Latitude 5520
CHAS6060,8Z17BG3,Latitude 5520
CHAS6060.chas.local,,
CHAS6060.chas.local,,
CHAS6061,4Z17BG3,Latitude 5520
CHAS6062,DZ17BG3,Latitude 5520
CHAS6063,HQSYHG3,Latitude 5520
CHAS6064,56BXZB3,OptiPlex 7480 AIO
CHAS6065,3Z17BG3,Latitude 5520
CHAS6066,1H27BG3,Latitude 5520
CHAS6067,F027BG3,Latitude 5520
CHAS6068,215YGG3,Latitude 5520
CHAS6069,415YGG3,Latitude 5520
CHAS6070,BW4YGG3,Latitude 5520
CHAS6071,C15YGG3,Latitude 5520
CHAS6072,56B20C3,OptiPlex 7480 AIO
CHAS6073,815YGG3,Latitude 5520
CHAS6074,4H27BG3,Latitude 5520
CHAS6075,1127BG3,Latitude 5520
CHAS6076,GQSYHG3,Latitude 5520
CHAS6077,7L1PZB3,OptiPlex 7480 AIO
CHAS6078,DL4TZB3,OptiPlex 7480 AIO
CHAS6079,FQSYHG3,Latitude 5520
CHAS6080,41C6RG3,Latitude 5520
CHAS6081,JDD4ZC3,OptiPlex 7480 AIO
CHAS6082,7KXSZB3,OptiPlex 7480 AIO
CHAS6083,6W0Y353,Precision 5560
CHAS6084,7NKV5J3,Precision 5560
CHAS6084.chas.local,,
CHAS6085,,
CHAS6086,58112651,Surface Go 2
CHAS6087,JLBSRG3,Latitude 5520
CHAS6088,FMBSRG3,Latitude 5520
CHAS6088.chas.local,,
CHAS6089,17W8TG3,Latitude 5520
CHAS6091,H6W8TG3,Latitude 5520
CHAS6092,J6W8TG3,Latitude 5520
CHAS6092.chas.local,,
CHAS6093,27W8TG3,Latitude 5520
CHAS6096,H9YQTG3,Latitude 5520
CHAS6097,F6W8TG3,Latitude 5520
CHAS6098,CK21PK3,OptiPlex 5090
CHAS6099,DK21PK3,OptiPlex 5090
CHAS6100,7H4FBK3,Precision 5560
CHAS6101,2QV3VG3,Latitude 5520
CHAS6102,BQV3VG3,Latitude 5520
CHAS6102.chas.local,,
CHAS6103,4QV3VG3,Latitude 5520
CHAS6104,D61X2L3,OptiPlex 5090
CHAS6106,B61X2L3,OptiPlex 5090
CHAS6107,2MSTBK3,Precision 5560
CHAS6108,FRKWBK3,Precision 5560
CHAS6109,5ZNWBK3,Precision 5560
CHAS6110,441GBK3,Precision 5560
CHAS6111,JZL7WG3,Latitude 5520
CHAS6112,10M7WG3,Latitude 5520
CHAS6113,DW4YGG3,Latitude 5520
CHAS6115,JW4YGG3,Latitude 5520
CHAS6116,D15YGG3,Latitude 5520
CHAS6118,7QV3VG3,Latitude 5520
CHAS6119,5QV3VG3,Latitude 5520
CHAS6120,1BP4VG3,Latitude 5520
CHAS6121,6QV3VG3,Latitude 5520
CHAS6123,3QV3VG3,Latitude 5520
CHAS6124,1QV3VG3,Latitude 5520
CHAS6126,HPV3VG3,Latitude 5520
CHAS6127,9QV3VG3,Latitude 5520
CHAS6129,2BP4VG3,Latitude 5520
CHAS6129.chas.local,,
CHAS6130,FPV3VG3,Latitude 5520
CHAS6132,3BP4VG3,Latitude 5520
CHAS6133,GPV3VG3,Latitude 5520
CHAS6134,CPV3VG3,Latitude 5520
CHAS6134.chas.local,,
CHAS6135,87JZ2L3,OptiPlex 5090
CHAS6136,45JZ2L3,OptiPlex 5090
CHAS6137,69MQRG3,Latitude 5520
CHAS6138,99MQRG3,Latitude 5520
CHAS6138.chas.local,,
CHAS6139,8H27BG3,Latitude 5520
CHAS6140,5H27BG3,Latitude 5520
CHAS6142,6J27BG3,Latitude 5520
CHAS6143,G4C6RG3,Latitude 5520
CHAS6144,CZ17BG3,Latitude 5520
CHAS6145,1PNZFK3,Precision 5560
CHAS6145.chas.local,,
CHAS6146,6H27BG3,Latitude 5520
CHAS6147,55C6RG3,Latitude 5520
CHAS6148,HW4YGG3,Latitude 5520
CHAS6149,52CJRG3,Latitude 5520
CHAS6149,,
CHAS6150,79MQRG3,Latitude 5520
CHAS6150.chas.local,,
CHAS6151,DMMQRG3,Latitude 5520
CHAS6152,C4CJRG3,Latitude 5520
CHAS6153,89MQRG3,Latitude 5520
CHAS6154,12CJRG3,Latitude 5520
CHAS6154.chas.local,,
CHAS6154.chas.local,,
CHAS6154.chas.local,,
CHAS6155,FP5VHG3,Latitude 5520
CHAS6156,84C6RG3,Latitude 5520
CHAS6156.chas.local,,
CHAS6157,7VBJRG3,Latitude 5520
CHAS6158,59MQRG3,Latitude 5520
CHAS6158.chas.local,,
CHAS6158.chas.local,,
CHAS6159,22CJRG3,Latitude 5520
CHAS6159.chas.local,,
CHAS6160,75C6RG3,Latitude 5520
CHAS6161,6VBJRG3,Latitude 5520
CHAS6162,7M5CZC3,OptiPlex 7480 AIO
CHAS6163,23B6ZC3,OptiPlex 7480 AIO
CHAS6164,56B10C3,OptiPlex 7480 AIO
CHAS6165,23B5ZC3,OptiPlex 7480 AIO
CHAS6166,56BYZB3,OptiPlex 7480 AIO
CHAS6167,26LBHG3,Latitude 5520
CHAS6168,76LBHG3,Latitude 5520
CHAS6169,5ZTSYD3,Precision 5550
CHAS6170,6YJ86M3,XPS 13 9310
CHAS6171,D0K86M3,XPS 13 9310
CHAS6171.chas.local,,
CHAS6171.chas.local,,
CHAS6171.chas.local,,
CHAS6171.chas.local,,
CHAS6171.chas.local,,
CHAS6172,55JZ2L3,OptiPlex 5090
CHAS6173,F4JZ2L3,OptiPlex 5090
CHAS6174,15JZ2L3,OptiPlex 5090
CHAS6175,G4JZ2L3,OptiPlex 5090
CHAS6176,35JZ2L3,OptiPlex 5090
CHAS6177,G1LB9G3,Latitude 5520
CHAS6178,FX3VHG3,Latitude 5520
CHAS6179,FG27BG3,Latitude 5520
CHAS6180,55LBHG3,Latitude 5520
CHAS6217,CV4YGG3,Latitude 5520
CHAS6218,36LBHG3,Latitude 5520
CHAS6219,8PV3VG3,Latitude 5520
CHAS6222,8YZZP93,Latitude 5520
CHAS6224,FLBSRG3,Latitude 5520
CHAS6225,6Y3VHG3,Latitude 5520
CHAS6226,5MBSRG3,Latitude 5520
CHAS6228,JH27BG3,Latitude 5520
CHAS6229,96MR253,Latitude 5500
CHAS6230,3027BG3,Latitude 5520
CHAS6231,F6LBHG3,Latitude 5520
CHAS6232,41LB9G3,Latitude 5520
CHAS6233,FT4YGG3,Latitude 5520
CHAS6234,F0L90R2,Latitude 5500
CHAS6234,,
CHAS6238,BMSYHG3,Latitude 5520
CHAS6253,85LBHG3,Latitude 5520
CHAS6254,D6LBHG3,Latitude 5520
CHAS6255,,
CHAS6256,,
CHAS6257,,Latitude
CHAS6258,76072G3,OptiPlex 7780 AIO
CHAS6259,76062G3,OptiPlex 7780 AIO
CHAS6260,3QZ5KG3,XPS 17 9710
CHAS6261,BQZ5KG3,XPS 17 9710
CHAS6261,,
CHAS6261.chas.local,,
CHAS6262,96LBHG3,Latitude 5520
CHAS6263,H4JZ2L3,OptiPlex 5090
CHAS6264,6CG54B3,Latitude 5520
CHAS6265,4CG54B3,Latitude 5520
CHAS6265.chas.local,,
CHAS6266,9CG54B3,Latitude 5520
CHAS6267,FCG54B3,Latitude 5520
CHAS6268,9BG54B3,Latitude 5520
CHAS6270,8CG54B3,Latitude 5520
CHAS6271,DBG54B3,Latitude 5520
CHAS6272,7CG54B3,Latitude 5520
CHAS6272.chas.local,,
CHAS6273,GCG54B3,Latitude 5520
CHAS6274,JBG54B3,Latitude 5520
CHAS6275,BCG54B3,Latitude 5520
CHAS6276,BYCDWM3,OptiPlex 7490 AIO
CHAS6277,8ZGDWM3,OptiPlex 7490 AIO
CHAS6278,9YCDWM3,OptiPlex 7490 AIO
CHAS6279,7ZGDWM3,OptiPlex 7490 AIO
CHAS6280,75JZ2L3,OptiPlex 5090
CHAS6281,2F8MJM3,OptiPlex 7090
CHAS6282,FD8MJM3,OptiPlex 7090
CHAS6283,GW4YGG3,Latitude 5520
CHAS6284,J05YGG3,Latitude 5520
CHAS6284.chas.local,,
CHAS6285,915YGG3,Latitude 5520
CHAS6286,F1VZ2M3,Precision 5560
CHAS6286,,
CHAS6286,,
CHAS6286.chas.local,,
CHAS6286.chas.local,,
CHAS6287,2WF54B3,Latitude 5520
CHAS6288,BV4YGG3,Latitude 5520
CHAS6289,5XB54B3,Latitude 5520
CHAS6290,FD27BG3,Latitude 5520
CHAS6290.chas.local,,
CHAS6290.chas.local,,
CHAS6291,105YGG3,Latitude 5520
CHAS6292,F1F54B3,Latitude 5520
CHAS6293,JJD54B3,Latitude 5520
CHAS6294,DCG54B3,Latitude 5520
CHAS6294.chas.local,,
CHAS6295,FH27BG3,Latitude 5520
CHAS6296,81LB9G3,Latitude 5520
CHAS6297,5CG54B3,Latitude 5520
CHAS6298,BMG54B3,Latitude 5520
CHAS6298.chas.local,,
CHAS6299,BBG54B3,Latitude 5520
CHAS6300,2027BG3,Latitude 5520
CHAS6301,3CG54B3,Latitude 5520
CHAS6301.chas.local,,
CHAS6302,8XB54B3,Latitude 5520
CHAS6303,DZ4YGG3,Latitude 5520
CHAS6304,7XB54B3,Latitude 5520
CHAS6305,F1LB9G3,Latitude 5520
CHAS6306,2F1B7M3,XPS 15 9510
CHAS6307,1BMP6M3,Precision 5560
CHAS6308,H1LB9G3,Latitude 5520
CHAS6309,8Y17BG3,Latitude 5520
CHAS6310,86LBHG3,Latitude 5520
CHAS6311,GZ4YGG3,Latitude 5520
CHAS6324,,
CHAS6324,JFDR4M3,Latitude 7320 Detachable
CHAS6326,934X4M3,Latitude 7320 Detachable
CHAS6327,59696M3,Latitude 7320 Detachable
CHAS6328,56LBHG3,Latitude 5520
CHAS6329,G5LBHG3,Latitude 5520
CHAS6330,2TCDHG3,Latitude 5520
CHAS6331,B6LBHG3,Latitude 5520
CHAS6332,J5LBHG3,Latitude 5520
CHAS6333,75LBHG3,Latitude 5520
CHAS6334,95LBHG3,Latitude 5520
CHAS6335,D5LBHG3,Latitude 5520
CHAS6336,C6LBHG3,Latitude 5520
CHAS6336.chas.local,,
CHAS6338,46LBHG3,Latitude 5520
CHAS6339,18HDHG3,Latitude 5520
CHAS6340,C5LBHG3,Latitude 5520
CHAS6341,J7HDHG3,Latitude 5520
CHAS6342,126VHG3,Latitude 5520
CHAS6343,1TCDHG3,Latitude 5520
CHAS6344,B5LBHG3,Latitude 5520
CHAS6345,66LBHG3,Latitude 5520
CHAS6346,3TCDHG3,Latitude 5520
CHAS6347,CP5VHG3,Latitude 5520
CHAS6348,4TCDHG3,Latitude 5520
CHAS6350,65LBHG3,Latitude 5520
CHAS6351,CY3VHG3,Latitude 5520
CHAS6351.chas.local,,
CHAS6351.chas.local,,
CHAS6352,H0FQ1N3,OptiPlex 5090
CHAS6353,G0FQ1N3,OptiPlex 5090
CHAS6354,4Y3VHG3,Latitude 5520
CHAS6355,5X3VHG3,Latitude 5520
CHAS6356,2Y3VHG3,Latitude 5520
CHAS6356.chas.local,,
CHAS6357,HX3VHG3,Latitude 5520
CHAS6358,DY3VHG3,Latitude 5520
CHAS6359,8X3VHG3,Latitude 5520
CHAS6360,BX3VHG3,Latitude 5520
CHAS6360.chas.local,,
CHAS6361,9Y3VHG3,Latitude 5520
CHAS6362,6X3VHG3,Latitude 5520
CHAS6363,JK3VHG3,Latitude 5520
CHAS6364,JCH02N3,OptiPlex 5090
CHAS6366,GCH02N3,OptiPlex 5090
CHAS6367,1DH02N3,OptiPlex 5090
CHAS6368,HCH02N3,OptiPlex 5090
CHAS6369,BCH02N3,OptiPlex 5090
CHAS6370,FCH02N3,OptiPlex 5090
CHAS6371,9CH02N3,OptiPlex 5090
CHAS6372,8CH02N3,OptiPlex 5090
CHAS6373,DCH02N3,OptiPlex 5090
CHAS6374,DMSYHG3,Latitude 5520
CHAS6375,3MBSRG3,Latitude 5520
CHAS6376,9MSYHG3,Latitude 5520
CHAS6377,32CJRG3,Latitude 5520
CHAS6379,CMSYHG3,Latitude 5520
CHAS6380,BY3VHG3,Latitude 5520
CHAS6380.chas.local,,
CHAS6380.chas.local,,
CHAS6381,CX3VHG3,Latitude 5520
CHAS6382,3Y3VHG3,Latitude 5520
CHAS6382.chas.local,,
CHAS6383,9X3VHG3,Latitude 5520
CHAS6384,JX3VHG3,Latitude 5520
CHAS6385,HLBSRG3,Latitude 5520
CHAS6386,D4CJRG3,Latitude 5520
CHAS6386.chas.local,,
CHAS6386.chas.local,,
CHAS6387,1Y3VHG3,Latitude 5520
CHAS6388,42CJRG3,Latitude 5520
CHAS6389,6MBSRG3,Latitude 5520
CHAS6390,2MBSRG3,Latitude 5520
CHAS6391,BMBSRG3,Latitude 5520
CHAS6392,HMBSRG3,Latitude 5520
CHAS6393,9LBSRG3,Latitude 5520
CHAS6394,8Y3VHG3,Latitude 5520
CHAS6395,7X3VHG3,Latitude 5520
CHAS6396,HK3VHG3,Latitude 5520
CHAS6397,CMBSRG3,Latitude 5520
CHAS6398,GX3VHG3,Latitude 5520
CHAS6399,F2WPTG3,Latitude 5520
CHAS6400,8SRK6M3,XPS 13 9310
CHAS6400.chas.local,,
CHAS6401,D2WPTG3,Latitude 5520
CHAS6402,1MBSRG3,Latitude 5520
CHAS6403,H2WPTG3,Latitude 5520
CHAS6404,4RZQTG3,Latitude 5520
CHAS6405,FQZQTG3,Latitude 5520
CHAS6406,HQZQTG3,Latitude 5520
CHAS6407,DQZQTG3,Latitude 5520
CHAS6409,7MBSRG3,Latitude 5520
CHAS6410,DMBSRG3,Latitude 5520
CHAS6411,C9YQTG3,Latitude 5520
CHAS6412,3PVPTG3,Latitude 5520
CHAS6413,3RZQTG3,Latitude 5520
CHAS6414,G2WPTG3,Latitude 5520
CHAS6415,8MBSRG3,Latitude 5520
CHAS6416,410RTG3,Latitude 5520
CHAS6417,3MWPTG3,Latitude 5520
CHAS6418,2RZQTG3,Latitude 5520
CHAS6419,G9YQTG3,Latitude 5520
CHAS6420,,
CHAS6421,5PVPTG3,Latitude 5520
CHAS6422,,
CHAS6422,B2WPTG3,Latitude 5520
CHAS6423,4PVPTG3,Latitude 5520
CHAS6423.chas.local,,
CHAS6424,,
CHAS6424.chas.local,,
CHAS6425,8PL3VG3,Latitude 5520
CHAS6426,DPL3VG3,Latitude 5520
CHAS6427,JMQJWG3,Latitude 5520
CHAS6428,DQL3VG3,Latitude 5520
CHAS6429,7MQJWG3,Latitude 5520
CHAS6430,3NQJWG3,Latitude 5520
CHAS6431,JQL3VG3,Latitude 5520
CHAS6432,4NQJWG3,Latitude 5520
CHAS6433,BPL3VG3,Latitude 5520
CHAS6434,4QL3VG3,Latitude 5520
CHAS6435,2MQJWG3,Latitude 5520
CHAS6436,8NQJWG3,Latitude 5520
CHAS6437,8MQJWG3,Latitude 5520
CHAS6438,BNQJWG3,Latitude 5520
CHAS6440,5NQJWG3,Latitude 5520
CHAS6441,DWGMLN3,Precision 5560
CHAS6441,,
CHAS6442,GQL3VG3,Latitude 5520
CHAS6443,9QL3VG3,Latitude 5520
CHAS6444,CQL3VG3,Latitude 5520
CHAS6445,2QL3VG3,Latitude 5520
CHAS6447,2NQJWG3,Latitude 5520
CHAS6448,6NQJWG3,Latitude 5520
CHAS6449,FQL3VG3,Latitude 5520
CHAS6449.chas.local,,
CHAS6450,6QL3VG3,Latitude 5520
CHAS6451,8QL3VG3,Latitude 5520
CHAS6452,HQL3VG3,Latitude 5520
CHAS6453,HPL3VG3,Latitude 5520
CHAS6454,JPL3VG3,Latitude 5520
CHAS6455,FPL3VG3,Latitude 5520
CHAS6456,CPL3VG3,Latitude 5520
CHAS6457,DJ3PWP3,OptiPlex 7490 AIO
CHAS6458,CJ3PWP3,OptiPlex 7490 AIO
CHAS6459,BJ3PWP3,OptiPlex 7490 AIO
CHAS6460,DN6PWP3,OptiPlex 7490 AIO
CHAS6461,FN6PWP3,OptiPlex 7490 AIO
CHAS6462,FMQJWG3,Latitude 5520
CHAS6463,GMQJWG3,Latitude 5520
CHAS6464,7N6MWG3,Latitude 5520
CHAS6465,6N6MWG3,Latitude 5520
CHAS6466,HMQJWG3,Latitude 5520
CHAS6467,DMQJWG3,Latitude 5520
CHAS6468,BMQJWG3,Latitude 5520
CHAS6469,5MQJWG3,Latitude 5520
CHAS6469.chas.local,,
CHAS6469.chas.local,,
CHAS6470,5HWHMN3,Precision 5560
CHAS6471,9MQJWG3,Latitude 5520
CHAS6472,CMQJWG3,Latitude 5520
CHAS6473,1RZQTG3,Latitude 5520
CHAS6474,JQZQTG3,Latitude 5520
CHAS6475,BPV3VG3,Latitude 5520
CHAS6476,5RZQTG3,Latitude 5520
CHAS6477,J9P4VG3,Latitude 5520
CHAS6478,3GJCTG3,Latitude 5520
CHAS6478.chas.local,,
CHAS6479,21RCML3,Latitude 5520
CHAS6480,G45ZMN3,Precision 5560
CHAS6481,8J3PWP3,OptiPlex 7490 AIO
CHAS6482,CN6PWP3,OptiPlex 7490 AIO
CHAS6483,9J3PWP3,OptiPlex 7490 AIO
CHAS6484,B15YGG3,Latitude 5520
CHAS6485,GMD4NL3,Latitude 5530
CHAS6486,7QL3VG3,Latitude 5520
CHAS6487,9PL3VG3,Latitude 5520
CHAS6488,BQL3VG3,Latitude 5520
CHAS6489,J9YQTG3,Latitude 5520
CHAS6489.chas.local,,
CHAS6490,45R4VG3,Latitude 5520
CHAS6490.chas.local,,
CHAS6491,5QL3VG3,Latitude 5520
CHAS6492,H9P4VG3,Latitude 5520
CHAS6493,3QL3VG3,Latitude 5520
CHAS6494,C2WPTG3,Latitude 5520
CHAS6494.chas.local,,
CHAS6495,4GJCTG3,Latitude 5520
CHAS6496,DPV3VG3,Latitude 5520
CHAS6497,8QV3VG3,Latitude 5520
CHAS6498,4JGCKN3,Latitude 7420
CHAS6499,JBX53Q3,OptiPlex 7090
CHAS6501,H15PKN3,Latitude 7430
CHAS6502,5PQNKN3,Latitude 7430
CHAS6502.chas.local,,
CHAS6502.chas.local,,
CHAS6502.chas.local,,
CHAS6503,,
CHAS6504,GPL3VG3,Latitude 5520
CHAS6505,4RQZCL3,Latitude 5520
CHAS6506,3RQZCL3,Latitude 5520
CHAS6507,1RQZCL3,Latitude 5520
CHAS6508,GR66CL3,Latitude 5520
CHAS6509,HR66CL3,Latitude 5520
CHAS6509.chas.local,,
CHAS6510,B65YMG3,Latitude 5520
CHAS6511,8N7YMG3,Latitude 5520
CHAS6512,865YMG3,Latitude 5520
CHAS6512.chas.local,,
CHAS6513,765YMG3,Latitude 5520
CHAS6514,6VMGKN3,Latitude 7420
CHAS6514,,
CHAS6514,,
CHAS6515,2RQZCL3,Latitude 5520
CHAS6516,JR66CL3,Latitude 5520
CHAS6517,9N7YMG3,Latitude 5520
CHAS6518,,
CHAS6519,H0SSBL3,Latitude 5520
CHAS6520,9PGK3Q3,OptiPlex 7490 AIO
CHAS6521,CPGK3Q3,OptiPlex 7490 AIO
CHAS6522,FPGK3Q3,OptiPlex 7490 AIO
CHAS6524,DPGK3Q3,OptiPlex 7490 AIO
CHAS6525,BPGK3Q3,OptiPlex 7490 AIO
CHAS6526,G0SSBL3,Latitude 5520
CHAS6527,23TSFK3,Precision 5560
CHAS6528,GZZ7GK3,Latitude 5430
CHAS6529,GN3MGK3,Latitude 7430
CHAS6529.chas.local,,
CHAS6530,1G6KKN3,Latitude 7420
CHAS6531,JHB2KQ3,OptiPlex 7490 AIO
CHAS6532,1JB2KQ3,OptiPlex 7490 AIO
CHAS6533,C07HTQ3,Latitude 7420
CHAS6534,48NSDK3,Latitude 7420
CHAS6535,6CC8RQ3,Latitude 7320 Detachable
CHAS6536,H262SQ3,Latitude 7320 Detachable
CHAS6537,3962SQ3,Latitude 7320 Detachable
CHAS6537.chas.local,,
CHAS6538,HJNCPL3,Latitude 5520
CHAS6538.chas.local,,
CHAS6539,3MQJWG3,Latitude 5520
CHAS6540,GJNCPL3,Latitude 5520
CHAS6541,1NQJWG3,Latitude 5520
CHAS6542,965YMG3,Latitude 5520
CHAS6543,665YMG3,Latitude 5520
CHAS6544,9NQJWG3,Latitude 5520
CHAS6544,,
CHAS6544,,
CHAS6545,8N6MWG3,Latitude 5520
CHAS6546,4N6MWG3,Latitude 5520
CHAS6547,JH78MG3,Latitude 5520
CHAS6548,2FZSKQ3,OptiPlex 5090
CHAS6549,8FZSKQ3,OptiPlex 5090
CHAS6550,9FZSKQ3,OptiPlex 5090
CHAS6551,7FZSKQ3,OptiPlex 5090
CHAS6552,6FZSKQ3,OptiPlex 5090
CHAS6553,5FZSKQ3,OptiPlex 5090
CHAS6554,3FZSKQ3,OptiPlex 5090
CHAS6555,CFZSKQ3,OptiPlex 5090
CHAS6556,BFZSKQ3,OptiPlex 5090
CHAS6557,4FZSKQ3,OptiPlex 5090
CHAS6558,4X3VHG3,Latitude 5520
CHAS6559,8G1YSQ3,Precision 5570
CHAS6560,3Y30VQ3,Precision 5570
CHAS6560.chas.local,,
CHAS6561,,
CHAS6561,7Z30VQ3,Precision 5570
CHAS6561,,
CHAS6562,7NQJWG3,Latitude 5520
CHAS6563,GNQJWG3,Latitude 5520
CHAS6564,JMNCPL3,Latitude 5520
CHAS6565,6MQJWG3,Latitude 5520
CHAS6566,GKNCPL3,Latitude 5520
CHAS6567,CPDQBL3,Latitude 5520
CHAS6568,,Latitude 5520
CHAS6569,1H0ZTQ3,Latitude 7320 Detachable
CHAS6570,5LNCPL3,Latitude 5520
CHAS6571,CKNCPL3,Latitude 5520
CHAS6572,FKNCPL3,Latitude 5520
CHAS6573,CLNCPL3,Latitude 5520
CHAS6574,HKNCPL3,Latitude 5520
CHAS6575,DLNCPL3,Latitude 5520
CHAS6575.chas.local,,
CHAS6576,HMNCPL3,Latitude 5520
CHAS6577,6LNCPL3,Latitude 5520
CHAS6578,7KNCPL3,Latitude 5520
CHAS6579,21SSBL3,Latitude 5520
CHAS6580,41SSBL3,Latitude 5520
CHAS6581,J0SSBL3,Latitude 5520
CHAS6581.chas.local,,
CHAS6582,BKNCPL3,Latitude 5520
CHAS6583,1LNCPL3,Latitude 5520
CHAS6583.chas.local,,
CHAS6584,DKNCPL3,Latitude 5520
CHAS6585,31SSBL3,Latitude 5520
CHAS6586,BLNCPL3,Latitude 5520
CHAS6586.chas.local,,
CHAS6587,5N6MWG3,Latitude 5520
CHAS6588,J6QJWG3,Latitude 5520
CHAS6589,9KNCPL3,Latitude 5520
CHAS6590,JKNCPL3,Latitude 5520
CHAS6591,2NNCPL3,Latitude 5520
CHAS6592,GMNCPL3,Latitude 5520
CHAS6592.chas.local,,
CHAS6593,4JQQ2Q3,OptiPlex 7400 AIO
CHAS6594,BMNCPL3,Latitude 5520
CHAS6595,3LNCPL3,Latitude 5520
CHAS6596,1NNCPL3,Latitude 5520
CHAS6597,DMNCPL3,Latitude 5520
CHAS6597.chas.local,,
CHAS6598,HLNCPL3,Latitude 5520
CHAS6598.chas.local,,
CHAS6599,1MNCPL3,Latitude 5520
CHAS6599.chas.local,,
CHAS6600,CMNCPL3,Latitude 5520
CHAS6601,4LNCPL3,Latitude 5520
CHAS6602,5MNCPL3,Latitude 5520
CHAS6603,2LNCPL3,Latitude 5520
CHAS6604,3NNCPL3,Latitude 5520
CHAS6606,6MNCPL3,Latitude 5520
CHAS6607,4MNCPL3,Latitude 5520
CHAS6607.chas.local,,
CHAS6608,6KNCPL3,Latitude 5520
CHAS6608.chas.local,,
CHAS6608.chas.local,,
CHAS6609,9LNCPL3,Latitude 5520
CHAS6610,GLNCPL3,Latitude 5520
CHAS6611,7LNCPL3,Latitude 5520
CHAS6612,8MNCPL3,Latitude 5520
CHAS6613,8LNCPL3,Latitude 5520
CHAS6614,,MacBook Pro
CHAS6615,,MacBook Pro
CHAS6616,,MacBook Pro
CHAS6616,,
CHAS6616,,
CHAS6616,,
CHAS6617,JMRHSL3,Latitude 5520
CHAS6618,HMRHSL3,Latitude 5520
CHAS6619,CLBSRG3,Latitude 5520
CHAS6620,14W39R3,OptiPlex 7400 AIO
CHAS6621,J3W39R3,OptiPlex 7400 AIO
CHAS6622,G3W39R3,OptiPlex 7400 AIO
CHAS6623,H3W39R3,OptiPlex 7400 AIO
CHAS6624,24W39R3,OptiPlex 7400 AIO
CHAS6625,5XPHSL3,Latitude 5520
CHAS6626,7WPHSL3,Latitude 5520
CHAS6627,8WPHSL3,Latitude 5520
CHAS6629,FVPHSL3,Latitude 5520
CHAS6630,8XPHSL3,Latitude 5520
CHAS6631,CWPHSL3,Latitude 5520
CHAS6631,,
CHAS6631.chas.local,,
CHAS6632,8KNCPL3,Latitude 5520
CHAS6633,FLNCPL3,Latitude 5520
CHAS6634,9MNCPL3,Latitude 5520
CHAS6635,7MNCPL3,Latitude 5520
CHAS6636,2MNCPL3,Latitude 5520
CHAS6636.chas.local,,
CHAS6636.chas.local,,
CHAS6637,5NNCPL3,Latitude 5520
CHAS6638,JLNCPL3,Latitude 5520
CHAS6639,4NNCPL3,Latitude 5520
CHAS6640,1XPHSL3,Latitude 5520
CHAS6640.chas.local,,
CHAS6641,4YPHSL3,Latitude 5520
CHAS6642,9XPHSL3,Latitude 5520
CHAS6642,,
CHAS6643,3YPHSL3,Latitude 5520
CHAS6643.chas.local,,
CHAS6644,6XPHSL3,Latitude 5520
CHAS6645,9VPHSL3,Latitude 5520
CHAS6645.chas.local,,
CHAS6646,6YPHSL3,Latitude 5520
CHAS6647,7YPHSL3,Latitude 5520
CHAS6648,9WPHSL3,Latitude 5520
CHAS6649,2XPHSL3,Latitude 5520
CHAS6650,2WPHSL3,Latitude 5520
CHAS6651,FXPHSL3,Latitude 5520
CHAS6652,8VPHSL3,Latitude 5520
CHAS6653,GXPHSL3,Latitude 5520
CHAS6654,GVPHSL3,Latitude 5520
CHAS6655,6JLB9G3,Latitude 5520
CHAS6656,21LB9G3,Latitude 5520
CHAS6657,5CMHPR3,OptiPlex 7400 AIO
CHAS6658,1CMHPR3,OptiPlex 7400 AIO
CHAS6659,3CMHPR3,OptiPlex 7400 AIO
CHAS6660,8CMHPR3,OptiPlex 7400 AIO
CHAS6661,2CMHPR3,OptiPlex 7400 AIO
CHAS6662,7CMHPR3,OptiPlex 7400 AIO
CHAS6663,6CMHPR3,OptiPlex 7400 AIO
CHAS6664,4CMHPR3,OptiPlex 7400 AIO
CHAS6665,5WPHSL3,Latitude 5520
CHAS6666,4WPHSL3,Latitude 5520
CHAS6667,1YPHSL3,Latitude 5520
CHAS6668,3XPHSL3,Latitude 5520
CHAS6669,HXPHSL3,Latitude 5520
CHAS6670,BWPHSL3,Latitude 5520
CHAS6671,CXPHSL3,Latitude 5520
CHAS6673,BVPHSL3,Latitude 5520
CHAS6674,BXPHSL3,Latitude 5520
CHAS6675,2YPHSL3,Latitude 5520
CHAS6676,DXPHSL3,Latitude 5520
CHAS6679,JWPHSL3,Latitude 5520
CHAS6680,HWPHSL3,Latitude 5520
CHAS6680.chas.local,,
CHAS6681,6WPHSL3,Latitude 5520
CHAS6681.chas.local,,
CHAS6682,JVPHSL3,Latitude 5520
CHAS6683,4XPHSL3,Latitude 5520
CHAS6684,3WPHSL3,Latitude 5520
CHAS6685,,
CHAS6686,B2PWPR3,OptiPlex 5090
CHAS6687,F2PWPR3,OptiPlex 5090
CHAS6688,G2PWPR3,OptiPlex 5090
CHAS6689,H2PWPR3,OptiPlex 5090
CHAS6690,C2PWPR3,OptiPlex 5090
CHAS6691,D2PWPR3,OptiPlex 5090
CHAS6692,5M0HVL3,Latitude 5530
CHAS6693,5YPHSL3,Latitude 5520
CHAS6695,HVPHSL3,Latitude 5520
CHAS6695.chas.local,,
CHAS6696,DVPHSL3,Latitude 5520
CHAS6696.chas.local,,
CHAS6697,7K0HVL3,Latitude 5530
CHAS6697.chas.local,,
CHAS6698,3L0HVL3,Latitude 5530
CHAS6699,7JYGVL3,Latitude 5530
CHAS6699.chas.local,,
CHAS6700,3JYGVL3,Latitude 5530
CHAS6701,GL0HVL3,Latitude 5530
CHAS6702,4K0HVL3,Latitude 5530
CHAS6702,,
CHAS6703,3K0HVL3,Latitude 5530
CHAS6704,4JYGVL3,Latitude 5530
CHAS6705,6L0HVL3,Latitude 5530
CHAS6706,BK0HVL3,Latitude 5530
CHAS6707,9K0HVL3,Latitude 5530
CHAS6708,JM0HVL3,Latitude 5530
CHAS6709,8M0HVL3,Latitude 5530
CHAS6710,5JYGVL3,Latitude 5530
CHAS6711,GM0HVL3,Latitude 5530
CHAS6712,DK0HVL3,Latitude 5530
CHAS6713,DM0HVL3,Latitude 5530
CHAS6713.chas.local,,
CHAS6714,4L0HVL3,Latitude 5530
CHAS6715,6JYGVL3,Latitude 5530
CHAS6716,BM0HVL3,Latitude 5530
CHAS6717,FK0HVL3,Latitude 5530
CHAS6718,JL0HVL3,Latitude 5530
CHAS6719,9M0HVL3,Latitude 5530
CHAS6720,3GLWKR3,XPS 9315
CHAS6720.chas.local,,
CHAS6721,HCNSPR3,OptiPlex 7400 AIO
CHAS6722,9CNSPR3,OptiPlex 7400 AIO
CHAS6723,FCNSPR3,OptiPlex 7400 AIO
CHAS6724,4CNSPR3,OptiPlex 7400 AIO
CHAS6725,HBNSPR3,OptiPlex 7400 AIO
CHAS6726,2CNSPR3,OptiPlex 7400 AIO
CHAS6727,FBNSPR3,OptiPlex 7400 AIO
CHAS6728,DBNSPR3,OptiPlex 7400 AIO
CHAS6729,1WPHSL3,Latitude 5520
CHAS6730,,
CHAS6731,GCNSPR3,OptiPlex 7400 AIO
CHAS6732,BCNSPR3,OptiPlex 7400 AIO
CHAS6732.chas.local,,
CHAS6733,5CNSPR3,OptiPlex 7400 AIO
CHAS6734,6CNSPR3,OptiPlex 7400 AIO
CHAS6735,7CNSPR3,OptiPlex 7400 AIO
CHAS6736,DCNSPR3,OptiPlex 7400 AIO
CHAS6737,3CNSPR3,OptiPlex 7400 AIO
CHAS6738,JCNSPR3,OptiPlex 7400 AIO
CHAS6739,GBNSPR3,OptiPlex 7400 AIO
CHAS6740,1CNSPR3,OptiPlex 7400 AIO
CHAS6741,JBNSPR3,OptiPlex 7400 AIO
CHAS6742,8CNSPR3,OptiPlex 7400 AIO
CHAS6743,1LWNHR3,Precision 5570
CHAS6744,4TYKHR3,Precision 5570
CHAS6745,BLBSRG3,Latitude 5520
CHAS6746,4J5M5S3,OptiPlex 5090
CHAS6747,CJ5M5S3,OptiPlex 5090
CHAS6748,BJ5M5S3,OptiPlex 5090
CHAS6749,HJ5M5S3,OptiPlex 5090
CHAS6750,6J5M5S3,OptiPlex 5090
CHAS6751,5J5M5S3,OptiPlex 5090
CHAS6752,DJ5M5S3,OptiPlex 5090
CHAS6753,GJ5M5S3,OptiPlex 5090
CHAS6754,7ND8QR3,OptiPlex 7400 AIO
CHAS6755,FL98QR3,OptiPlex 7400 AIO
CHAS6756,DND8QR3,OptiPlex 7400 AIO
CHAS6757,7L98QR3,OptiPlex 7400 AIO
CHAS6758,BM98QR3,OptiPlex 7400 AIO
CHAS6759,GL98QR3,OptiPlex 7400 AIO
CHAS6760,7PNFWL3,Latitude 5530
CHAS6760.chas.local,,
CHAS6761,BND8QR3,OptiPlex 7400 AIO
CHAS6762,JL98QR3,OptiPlex 7400 AIO
CHAS6763,BL98QR3,OptiPlex 7400 AIO
CHAS6764,9L98QR3,OptiPlex 7400 AIO
CHAS6765,6M98QR3,OptiPlex 7400 AIO
CHAS6766,GND8QR3,OptiPlex 7400 AIO
CHAS6768,9ND8QR3,OptiPlex 7400 AIO
CHAS6769,GBG54B3,Latitude 5520
CHAS6770,2M98QR3,OptiPlex 7400 AIO
CHAS6771,4MBR5S3,OptiPlex 7400 AIO
CHAS6772,HL98QR3,OptiPlex 7400 AIO
CHAS6773,FND8QR3,OptiPlex 7400 AIO
CHAS6774,4M98QR3,OptiPlex 7400 AIO
CHAS6775,DMNFWL3,Latitude 5530
CHAS6776,1NNFWL3,Latitude 5530
CHAS6777,BPNFWL3,Latitude 5530
CHAS6778,9M98QR3,OptiPlex 7400 AIO
CHAS6779,CCNSPR3,OptiPlex 7400 AIO
CHAS6780,3M98QR3,OptiPlex 7400 AIO
CHAS6781,3MBR5S3,OptiPlex 7400 AIO
CHAS6782,H8NFWL3,Latitude 5530
CHAS6783,CPNFWL3,Latitude 5530
CHAS6784,BNNFWL3,Latitude 5530
CHAS6785,58NFWL3,Latitude 5530
CHAS6786,F8NFWL3,Latitude 5530
CHAS6787,88NFWL3,Latitude 5530
CHAS6788,3NNFWL3,Latitude 5530
CHAS6789,48NFWL3,Latitude 5530
CHAS6790,CND8QR3,OptiPlex 7400 AIO
CHAS6791,8M98QR3,OptiPlex 7400 AIO
CHAS6792,8L98QR3,OptiPlex 7400 AIO
CHAS6793,8ND8QR3,OptiPlex 7400 AIO
CHAS6794,7M98QR3,OptiPlex 7400 AIO
CHAS6795,FBPZ0T3,Precision 5570
CHAS6796,G8NFWL3,Latitude 5530
CHAS6797,9PNFWL3,Latitude 5530
CHAS6798,2PNFWL3,Latitude 5530
CHAS6798.chas.local,,
CHAS6799,7NNFWL3,Latitude 5530
CHAS6799.chas.local,,
CHAS6800,JNNFWL3,Latitude 5530
CHAS6801,8NV36S3,OptiPlex 5000
CHAS6802,,Latitude 5520
CHAS6803,8L0HVL3,Latitude 5530
CHAS6805,JK0HVL3,Latitude 5530
CHAS6805.chas.local,,
CHAS6806,HM0HVL3,Latitude 5530
CHAS6807,1L0HVL3,Latitude 5530
CHAS6808,8PNFWL3,Latitude 5530
CHAS6809,8K0HVL3,Latitude 5530
CHAS6810,55N36S3,OptiPlex 5000
CHAS6811,45N36S3,OptiPlex 5000
CHAS6813,CK0HVL3,Latitude 5530
CHAS6814,HK0HVL3,Latitude 5530
CHAS6816,B8S36S3,OptiPlex 7400 AIO
CHAS6817,2MBR5S3,OptiPlex 7400 AIO
CHAS6818,5M98QR3,OptiPlex 7400 AIO
CHAS6819,DL0HVL3,Latitude 5530
CHAS6820,1M0HVL3,Latitude 5530
CHAS6821,2K0HVL3,Latitude 5530
CHAS6822,9L0HVL3,Latitude 5530
CHAS6823,5L0HVL3,Latitude 5530
CHAS6824,2L0HVL3,Latitude 5530
CHAS6824.chas.local,,
CHAS6825,4M0HVL3,Latitude 5530
CHAS6825.chas.local,,
CHAS6826,DPNFWL3,Latitude 5530
CHAS6827,CL0HVL3,Latitude 5530
CHAS6828,BL0HVL3,Latitude 5530
CHAS6829,6M0HVL3,Latitude 5530
CHAS6830,CM0HVL3,Latitude 5530
CHAS6831,1N0HVL3,Latitude 5530
CHAS6832,7L0HVL3,Latitude 5530
CHAS6833,5K0HVL3,Latitude 5530
CHAS6834,FL0HVL3,Latitude 5530
CHAS6835,FM0HVL3,Latitude 5530
CHAS6836,HL0HVL3,Latitude 5530
CHAS6837,D8S36S3,OptiPlex 7400 AIO
CHAS6838,5H0FYS3,OptiPlex 7400 AIO
CHAS6839,BH0FYS3,OptiPlex 7400 AIO
CHAS6840,7H0FYS3,OptiPlex 7400 AIO
CHAS6841,CL98QR3,OptiPlex 7400 AIO
CHAS6842,DL98QR3,OptiPlex 7400 AIO
CHAS6844,9MNFWL3,Latitude 5530
CHAS6844.chas.local,,
CHAS6845,8NNFWL3,Latitude 5530
CHAS6846,D8NFWL3,Latitude 5530
CHAS6847,FMNFWL3,Latitude 5530
CHAS6848,GPNFWL3,Latitude 5530
CHAS6849,GMNFWL3,Latitude 5530
CHAS6849,,
CHAS6850,5MNFWL3,Latitude 5530
CHAS6851,HPNFWL3,Latitude 5530
CHAS6852,2NNFWL3,Latitude 5530
CHAS6853,B8NFWL3,Latitude 5530
CHAS6854,FNNFWL3,Latitude 5530
CHAS6855,6NNFWL3,Latitude 5530
CHAS6856,CMNFWL3,Latitude 5530
CHAS6857,9NNFWL3,Latitude 5530
CHAS6858,98NFWL3,Latitude 5530
CHAS6859,6MNFWL3,Latitude 5530
CHAS6860,7G9S6S3,Latitude 5530
CHAS6862,JPNFWL3,Latitude 5530
CHAS6863,C8NFWL3,Latitude 5530
CHAS6864,CH0FYS3,OptiPlex 7400 AIO
CHAS6865,DH0FYS3,OptiPlex 7400 AIO
CHAS6866,C8S36S3,OptiPlex 7400 AIO
CHAS6867,FH0FYS3,OptiPlex 7400 AIO
CHAS6868,9H0FYS3,OptiPlex 7400 AIO
CHAS6869,6H0FYS3,OptiPlex 7400 AIO
CHAS6870,GH0FYS3,OptiPlex 7400 AIO
CHAS6871,4P6FYS3,OptiPlex 5000
CHAS6872,5P6FYS3,OptiPlex 5000
CHAS6873,BP6FYS3,OptiPlex 5000
CHAS6874,9P6FYS3,OptiPlex 5000
CHAS6875,6P6FYS3,OptiPlex 5000
CHAS6876,7P6FYS3,OptiPlex 5000
CHAS6877,FPNFWL3,Latitude 5530
CHAS6878,DNNFWL3,Latitude 5530
CHAS6879,CNNFWL3,Latitude 5530
CHAS6880,2QNFWL3,Latitude 5530
CHAS6882,JMNFWL3,Latitude 5530
CHAS6883,6K0HVL3,Latitude 5530
CHAS6884,78NFWL3,Latitude 5530
CHAS6885,8MNFWL3,Latitude 5530
CHAS6886,HMNFWL3,Latitude 5530
CHAS6887,1J27BG3,Latitude 5520
CHAS6888,3P6FYS3,OptiPlex 5000
CHAS6889,8P6FYS3,OptiPlex 5000
CHAS6890,1PNFWL3,Latitude 5530
CHAS6891,BMNFWL3,Latitude 5530
CHAS6892,HNNFWL3,Latitude 5530
CHAS6893,1QNFWL3,Latitude 5530
CHAS6895,3PNFWL3,Latitude 5530
CHAS6896,3QNFWL3,Latitude 5530
CHAS6897,4MNFWL3,Latitude 5530
CHAS6898,7MNFWL3,Latitude 5530
CHAS6899,4PNFWL3,Latitude 5530
CHAS6900,4NNFWL3,Latitude 5530
CHAS6901,GNNFWL3,Latitude 5530
CHAS6902,4HKX1T3,Precision 5570
CHAS6903,B0DX1T3,Precision 5570
CHAS6904,345X2T3,Precision 5570
CHAS6904.chas.local,,
CHAS6905,5YCX1T3,Precision 5570
CHAS6905.chas.local,,
CHAS6906,DG6X1T3,Precision 5570
CHAS6907,HYCX1T3,Precision 5570
CHAS6907.chas.local,,
CHAS6908,F0X1BS3,Latitude 5520
CHAS6909,94V53T3,Precision 5570
CHAS6910,H3V53T3,Precision 5570
CHAS6910.chas.local,,
CHAS6911,43V53T3,Precision 5570
CHAS6911,,
CHAS6912,6M7S6S3,Latitude 5530
CHAS6913,3M7S6S3,Latitude 5530
CHAS6914,4J9S6S3,Latitude 5530
CHAS6915,3J9S6S3,Latitude 5530
CHAS6916,CG9S6S3,Latitude 5530
CHAS6917,DG9S6S3,Latitude 5530
CHAS6918,9H9S6S3,Latitude 5530
CHAS6919,1J9S6S3,Latitude 5530
CHAS6920,6H9S6S3,Latitude 5530
CHAS6921,2H9S6S3,Latitude 5530
CHAS6922,7H9S6S3,Latitude 5530
CHAS6923,7M7S6S3,Latitude 5530
CHAS6924,JG9S6S3,Latitude 5530
CHAS6926,CH9S6S3,Latitude 5530
CHAS6927,5H9S6S3,Latitude 5530
CHAS6928,1K9S6S3,Latitude 5530
CHAS6929,JL7S6S3,Latitude 5530
CHAS6930,FL7S6S3,Latitude 5530
CHAS6931,4H9S6S3,Latitude 5530
CHAS6932,5G9S6S3,Latitude 5530
CHAS6933,2G9S6S3,Latitude 5530
CHAS6934,DJ9S6S3,Latitude 5530
CHAS6935,BG9S6S3,Latitude 5530
CHAS6936,6G9S6S3,Latitude 5530
CHAS6937,1H9S6S3,Latitude 5530
CHAS6938,HG9S6S3,Latitude 5530
CHAS6940,CJ9S6S3,Latitude 5530
CHAS6941,9G9S6S3,Latitude 5530
CHAS6942,4G9S6S3,Latitude 5530
CHAS6943,8J9S6S3,Latitude 5530
CHAS6943.chas.local,,
CHAS6944,HJ9S6S3,Latitude 5530
CHAS6945,,
CHAS6945,8H9S6S3,Latitude 5530
CHAS6945.chas.local,,
CHAS6946,BH9S6S3,Latitude 5530
CHAS6947,83FQTT3,Latitude 7430
CHAS6948,760DYS3,OptiPlex 5000
CHAS6949,FG9S6S3,Latitude 5530
CHAS6950,7J9S6S3,Latitude 5530
CHAS6951,5M7S6S3,Latitude 5530
CHAS6952,1M7S6S3,Latitude 5530
CHAS6953,BM7S6S3,Latitude 5530
CHAS6953.chas.local,,
CHAS6954,8M7S6S3,Latitude 5530
CHAS6954.chas.local,,
CHAS6956,4M7S6S3,Latitude 5530
CHAS6957,2J9S6S3,Latitude 5530
CHAS6958,DH9S6S3,Latitude 5530
CHAS6959,3H9S6S3,Latitude 5530
CHAS6960,GH9S6S3,Latitude 5530
CHAS6961,8G9S6S3,Latitude 5530
CHAS6962,FJ9S6S3,Latitude 5530
CHAS6963,GJ9S6S3,Latitude 5530
CHAS6963.chas.local,,
CHAS6964,1QPH5S3,OptiPlex 7090
CHAS6965,JPPH5S3,OptiPlex 7090
CHAS6966,3QPH5S3,OptiPlex 7090
CHAS6967,D35TTT3,Precision 5570
CHAS6967.chas.local,,
CHAS6968,42D6VT3,Precision 5570
CHAS6969,8J5M5S3,OptiPlex 5090
CHAS6970,2J5M5S3,OptiPlex 5090
CHAS6971,FJ5M5S3,OptiPlex 5090
CHAS6972,2YLTRT3,OptiPlex 7400 AIO
CHAS6973,3YLTRT3,OptiPlex 7400 AIO
CHAS6974,JXLTRT3,OptiPlex 7400 AIO
CHAS6975,H4KQRT3,OptiPlex 5000
CHAS6976,55KQRT3,OptiPlex 5000
CHAS6977,F4KQRT3,OptiPlex 5000
CHAS6979,C4KQRT3,OptiPlex 5000
CHAS6980,25KQRT3,OptiPlex 5000
CHAS6981,75KQRT3,OptiPlex 5000
CHAS6982,15KQRT3,OptiPlex 5000
CHAS6983,45KQRT3,OptiPlex 5000
CHAS6984,J4KQRT3,OptiPlex 5000
CHAS6986,D4KQRT3,OptiPlex 5000
CHAS6987,35KQRT3,OptiPlex 5000
CHAS6988,1GC88S3,Latitude 5530
CHAS6989,7GC88S3,Latitude 5530
CHAS6990,DFC88S3,Latitude 5530
CHAS6991,7FC88S3,Latitude 5530
CHAS6992,4YLTRT3,OptiPlex 7400 AIO
CHAS6993,CFC88S3,Latitude 5530
CHAS6994,3FC88S3,Latitude 5530
CHAS6995,4FC88S3,Latitude 5530
CHAS6996,5FC88S3,Latitude 5530
CHAS6997,BFC88S3,Latitude 5530
CHAS6998,HDC88S3,Latitude 5530
CHAS6999,JDC88S3,Latitude 5530
CHAS6999.chas.local,,
CHAS6RTDAMFE5FF,,
CHAS7000,,
CHAS7001,8FC88S3,Latitude 5530
CHAS7002,2M7S6S3,Latitude 5530
CHAS7003,1YLTRT3,OptiPlex 7400 AIO
CHAS7004,HXLTRT3,OptiPlex 7400 AIO
CHAS7005,JV44CS3,Latitude 5530
CHAS7005.chas.local,,
CHAS7006,HV44CS3,Latitude 5530
CHAS7007,GDC88S3,Latitude 5530
CHAS7007.chas.local,,
CHAS7008,GV44CS3,Latitude 5530
CHAS7009,1W44CS3,Latitude 5530
CHAS7010,JFC88S3,Latitude 5530
CHAS7010.chas.local,,
CHAS7011,6FC88S3,Latitude 5530
CHAS7011.chas.local,,
CHAS7012,9FC88S3,Latitude 5530
CHAS7013,5NNFWL3,Latitude 5530
CHAS7014,4GC88S3,Latitude 5530
CHAS7015,6J9S6S3,Latitude 5530
CHAS7016,FDC88S3,Latitude 5530
CHAS7017,FFC88S3,Latitude 5530
CHAS7017.chas.local,,
CHAS7018,1K5M5S3,OptiPlex 5090
CHAS7019,6GC88S3,Latitude 5530
CHAS7020,JJ9S6S3,Latitude 5530
CHAS7021,2GC88S3,Latitude 5530
CHAS7022,1FC88S3,Latitude 5530
CHAS7024,GL7S6S3,Latitude 5530
CHAS7025,GFC88S3,Latitude 5530
CHAS7026,HL7S6S3,Latitude 5530
CHAS7026.chas.local,,
CHAS7027,GG9S6S3,Latitude 5530
CHAS7028,BJ9S6S3,Latitude 5530
CHAS7028.chas.local,,
CHAS7028.chas.local,,
CHAS7029,DL7S6S3,Latitude 5530
CHAS7030,5GC88S3,Latitude 5530
CHAS7031,14YZP93,Latitude 5520
CHAS7032,HFC88S3,Latitude 5530
CHAS7033,9M7S6S3,Latitude 5530
CHAS7034,HH9S6S3,Latitude 5530
CHAS7034.chas.local,,
CHAS7035,5J9S6S3,Latitude 5530
CHAS7036,DDC88S3,Latitude 5530
CHAS7037,3G9S6S3,Latitude 5530
CHAS7038,7KMKST3,Latitude 7430
CHAS7039,2FC88S3,Latitude 5530
CHAS7039.chas.local,,
CHAS7040,JH9S6S3,Latitude 5530
CHAS7041,8T5F3L3,OptiPlex 7490 AIO
CHAS7043,G5VG4W3,Precision 5570
CHAS7044,F3BP4W3,Precision 5570
CHAS7045,8NH1HS3,Latitude 5530
CHAS7047,94VG4W3,Precision 5570
CHAS7047.chas.local,,
CHAS7048,DTY1ST3,OptiPlex 7400 AIO
CHAS7050,FTY1ST3,OptiPlex 7400 AIO
CHAS7051,HSV1ST3,OptiPlex 7400 AIO
CHAS7052,GSV1ST3,OptiPlex 7400 AIO
CHAS7053,9YLTRT3,OptiPlex 7400 AIO
CHAS7054,9JYSGS3,Latitude 5530
CHAS7055,BYLTRT3,OptiPlex 7400 AIO
CHAS7056,CHYSGS3,Latitude 5530
CHAS7057,6JYSGS3,Latitude 5530
CHAS7058,1KYSGS3,Latitude 5530
CHAS7058.chas.local,,
CHAS7059,BJYSGS3,Latitude 5530
CHAS7059.chas.local,,
CHAS7060,9HYSGS3,Latitude 5530
CHAS7061,BHYSGS3,Latitude 5530
CHAS7062,6HYSGS3,Latitude 5530
CHAS7062,,
CHAS7063,3KYSGS3,Latitude 5530
CHAS7064,CJYSGS3,Latitude 5530
CHAS7078,CRKP7V3,OptiPlex 7400 AIO
CHAS7079,6RKP7V3,OptiPlex 7400 AIO
CHAS7100,7RKP7V3,OptiPlex 7400 AIO
CHAS7101,FRKP7V3,OptiPlex 7400 AIO
CHAS7102,5RKP7V3,OptiPlex 7400 AIO
CHAS7103,8RKP7V3,OptiPlex 7400 AIO
CHAS7104,DRKP7V3,OptiPlex 7400 AIO
CHAS7105,FJYSGS3,Latitude 5530
CHAS7106,DJYSGS3,Latitude 5530
CHAS7106.chas.local,,
CHAS7107,6KYSGS3,Latitude 5530
CHAS7108,8HYSGS3,Latitude 5530
CHAS7109,HHYSGS3,Latitude 5530
CHAS7110,GHYSGS3,Latitude 5530
CHAS7110.chas.local,,
CHAS7111,HJYSGS3,Latitude 5530
CHAS7112,DHYSGS3,Latitude 5530
CHAS7113,2JYSGS3,Latitude 5530
CHAS7114,5HYSGS3,Latitude 5530
CHAS7115,1JYSGS3,Latitude 5530
CHAS7116,JHYSGS3,Latitude 5530
CHAS7117,3JYSGS3,Latitude 5530
CHAS7119,GJYSGS3,Latitude 5530
CHAS7120,JJYSGS3,Latitude 5530
CHAS7121,7JYSGS3,Latitude 5530
CHAS7122,8JYSGS3,Latitude 5530
CHAS7123,5JYSGS3,Latitude 5530
CHAS7124,7KYSGS3,Latitude 5530
CHAS7124.chas.local,,
CHAS7125,4KYSGS3,Latitude 5530
CHAS7126,BRKP7V3,OptiPlex 7400 AIO
CHAS7127,9RKP7V3,OptiPlex 7400 AIO
CHAS7128,4RKP7V3,OptiPlex 7400 AIO
CHAS7130,7HYSGS3,Latitude 5530
CHAS7130.chas.local,,
CHAS7130.chas.local,,
CHAS7131,7Y3VHG3,Latitude 5520
CHAS7132,2KYSGS3,Latitude 5530
CHAS7133,5KYSGS3,Latitude 5530
CHAS7134,BK35HS3,Latitude 5530
CHAS7135,3GQD7S3,Latitude 5530
CHAS7135.chas.local,,
CHAS7136,3M05HS3,Latitude 5530
CHAS7137,6H15HS3,Latitude 5530
CHAS7138,B0S0CS3,Latitude 5530
CHAS7139,HR05HS3,Latitude 5530
CHAS7140,8742JW3,Latitude 7530
CHAS7141,7SGWHW3,Latitude 7530
CHAS7142,5VHWHW3,Latitude 7530
CHAS7143,11LXHW3,Latitude 7530
CHAS7144,DSGWHW3,Latitude 7530
CHAS7145,1TGWHW3,Latitude 7530
CHAS7146,2QGWHW3,Latitude 7530
CHAS7147,CVGWHW3,Latitude 7530
CHAS7148,9TGWHW3,Latitude 7530
CHAS7149,FW15HS3,Latitude 5530
CHAS7149.chas.local,,
CHAS7150,1T4F7S3,Latitude 5530
CHAS7151,BT15HS3,Latitude 5530
CHAS7152,5Q35HS3,Latitude 5530
CHAS7153,3615HS3,Latitude 5530
CHAS7154,6715HS3,Latitude 5530
CHAS7155,2615HS3,Latitude 5530
CHAS71554,,
CHAS7156,8ZVD7S3,Latitude 5530
CHAS7157,HHQD7S3,Latitude 5530
CHAS7158,7J5M5S3,OptiPlex 5090
CHAS7159,JJ5M5S3,OptiPlex 5090
CHAS7160,3J5M5S3,OptiPlex 5090
CHAS7161,BWHWMW3,OptiPlex 7400 AIO
CHAS7162,7WHWMW3,OptiPlex 7400 AIO
CHAS7163,4WHWMW3,OptiPlex 7400 AIO
CHAS7164,4ZMWHW3,Latitude 7530
CHAS7164.chas.local,,
CHAS7165,C7FXHW3,Latitude 7530
CHAS7165.chas.local,,
CHAS7166,1VM1JW3,Latitude 7530
CHAS7168,HDZWHW3,Latitude 7530
CHAS7169,5SGWHW3,Latitude 7530
CHAS7170,6DFXHW3,Latitude 7530
CHAS7171,BGZWHW3,Latitude 7530
CHAS7172,5TM1JW3,Latitude 7530
CHAS7173,6BFXHW3,Latitude 7530
CHAS7174,BK7XHW3,Latitude 7530
CHAS7175,DWHWMW3,OptiPlex 7400 AIO
CHAS7176,J6KYFS3,Latitude 5540
CHAS7177,3WHWMW3,OptiPlex 7400 AIO
CHAS7178,1YMYHW3,Latitude 7530
CHAS7179,8ZMX4X3,Precision 5570
CHAS7180,8WHWMW3,OptiPlex 7400 AIO
CHAS7181,5WHWMW3,OptiPlex 7400 AIO
CHAS7182,29FXHW3,Latitude 7530
CHAS7183,DXMWHW3,Latitude 7530
CHAS7184,B2RVHW3,Latitude 7530
CHAS7185,FFZWHW3,Latitude 7530
CHAS7186,46FXHW3,Latitude 7530
CHAS7187,G7ZWHW3,Latitude 7530
CHAS7188,G1RVHW3,Latitude 7530
CHAS7189,72QKVV3,Latitude 7530
CHAS7190,J78XHW3,Latitude 7530
CHAS7191,9SGWHW3,Latitude 7530
CHAS7192,2V1WQJ3,OptiPlex 5090
CHAS7193,,Latitude 5530
CHAS7194,,
CHAS7195,6XMWHW3,Latitude 7530
CHAS7196,7TGWHW3,Latitude 7530
CHAS7197,FRFFRV3,Precision 5570
CHAS7198,CRGWHW3,Latitude 7530
CHAS71999,4GZWHW3,Latitude 7530
CHAS7200,38JFRV3,Precision 5570
CHAS7201,BH20LS3,Latitude 5540
CHAS7202,CH20LS3,Latitude 5540
CHAS7203,DH20LS3,Latitude 5540
CHAS7204,FH20LS3,Latitude 5540
CHAS7205,7MDXHW3,Latitude 7530
CHAS7206,7NS1JW3,Latitude 7530
CHAS7207,JQ7H5X3,Precision 5570
CHAS7207.chas.local,,
CHAS7208,1FVFRV3,Precision 5570
CHAS7209,BYMWHW3,Latitude 7530
CHAS7210,8XMWHW3,Latitude 7530
CHAS7211,4VKXHW3,Latitude 7530
CHAS7212,27ZXKS3,Latitude 5540
CHAS7213,H7ZXKS3,Latitude 5540
CHAS7214,J1XY5X3,OptiPlex 7400 AIO
CHAS7215,H1XY5X3,OptiPlex 7400 AIO
CHAS7216,9J5M5S3,OptiPlex 5090
CHAS7217,22XY5X3,OptiPlex 7400 AIO
CHAS7218,1J5M5S3,OptiPlex 5090
CHAS7220,6VGWHW3,Latitude 7530
CHAS7221,G88XHW3,Latitude 7530
CHAS7222,,
CHAS7223,5YMWHW3,Latitude 7530
,,
,,
,,
,,
,,
,,
,,
,,
,,
,,
,,
,,
,,
,,
,,
,,
,,
,,
,,
,,
,,
,,
,,
,,
,,
,,
,,
,,
,,
,,
,,
,,
,,
,,
,,
,,
,,
,,
,,
,,
,,
,,
,,
,,
,,
,,
,,
,,
,,
,,
,,
,,
,,
,,
,,
,,
,,
,,
,,
,,
,,
,,
,,
,,
,,
,,
,,
,,
,,
,,
,,
,,
,,
,,
,,
,,
,,
,,
,,
,,
,,
,,
,,
,,
,,
,,
,,
,,
,,
,,
,,
,,
,,
,,
,,
,,
,,
,,
,,
,,
,,
,,
,,
,,
,,
,,
,,
,,
,,
,,
,,
,,
,,
,,
,,
,,
,,
,,
,,
,,
,,
,,
,,
,,
,,
,,
,,
,,
,,
,,
,,
,,
,,
,,
,,
,,
,,
,,
,,
,,
,,
,,
,,
,,
,,
,,
,,
,,
,,
,,
,,
,,
,,
,,
,,
,,
,,
,,
,,
,,
,,
,,
,,
,,
,,
,,
,,
,,
,,
,,
,,
,,
,,
,,
,,
,,
,,
,,
,,
,,
,,
,,
,,
,,
,,
,,
,,
,,
,,
,,
,,
,,
,,
,,
,,
,,
,,
,,
,,
,,
,,
,,
,,
,,
,,
,,
,,
,,
,,
,,
,,
,,
,,
,,
,,
,,
,,
,,
,,
,,
,,
,,
,,
,,
,,
,,
,,
,,
,,
,,
,,
,,
,,
,,
,,
,,
,,
,,
,,
,,
,,
,,
,,
,,
,,
,,
,,
,,
,,
,,
,,
,,
,,
,,
,,
,,
,,
,,
,,
,,
,,
,,
,,
,,
,,
,,
,,
,,
,,
,,
,,
,,
,,
,,
,,
,,
,,
,,
,,
,,
,,
,,
,,
,,
,,
,,
,,
,,
,,
,,
,,
,,
,,
,,
,,
,,
,,
,,
,,
,,
,,
,,
,,
,,
,,
,,
,,
,,
,,
,,
,,
,,
,,
,,
,,
,,
,,
,,
,,
,,
,,
,,
,,
,,
,,
,,
,,
,,
,,
,,
,,
,,
,,
,,
,,
,,
,,
,,
,,
,,
,,
,,
,,
,,
,,
,,
,,
,,
,,
,,
,,
,,
,,
,,
,,
,,
,,
,,
,,
,,
,,
,,
,,
,,
,,
,,
,,
,,
,,
,,
,,
,,
,,
,,
,,
,,
,,
,,
,,
,,
,,
,,
,,
,,
,,
,,
,,
,,
,,
,,
,,
,,
,,
,,
,,
,,
,,
,,
,,
,,
,,
,,
,,
,,
,,
,,
,,
,,
,,
,,
,,
,,
,,
,,
,,
,,
,,
,,
,,
,,
,,
,,
,,
,,
,,
,,
,,
,,
,,
,,
,,
,,
,,
,,
,,
,,
,,
,,
,,
,,
,,
,,
,,
,,
,,
,,
,,
,,
,,
,,
,,
,,
,,
,,
,,
,,
,,
,,
,,
,,
,,
,,
,,
,,
,,
,,
,,
,,
,,
,,
,,
,,
,,
,,
,,
,,
,,
,,
,,
,,
,,
,,
,,
,,
,,
,,
,,
,,
,,
,,
,,
,,
,,
,,
,,
,,
,,
,,
,,
,,
,,
,,
,,
,,
,,
,,
,,
,,
,,
,,
,,
,,
,,
,,
,,
,,
,,
,,
,,
,,
,,
,,
,,
,,
,,
,,
,,
,,
,,
,,
,,
,,
,,
,,
,,
,,
,,
,,
,,
,,
,,
,,
,,
,,
,,
,,
,,
,,
,,
,,
,,
,,
,,
,,
,,
,,
,,
,,
,,
,,
,,
,,
,,
,,
,,
,,
,,
,,
,,
,,
,,
,,
,,
,,
,,
,,
,,
,,
,,
,,
,,
,,
,,
,,
,,
,,
,,
,,
,,
,,
,,
,,
,,
,,
,,
,,
,,
,,
,,
,,
,,
,,
,,
,,
,,
,,
,,
,,
,,
,,
,,
,,
,,
,,
,,
,,
,,
,,
,,
,,
,,
,,
,,
,,
,,
,,
,,
,,
,,
,,
,,
,,
,,
,,
,,
,,
,,
,,
,,
,,
,,
,,
,,
,,
,,
,,
,,
,,
,,
,,
,,
,,
,,
,,
,,
,,
,,
,,
,,
,,
,,
,,
,,
,,
,,
,,
,,
,,
,,
,,
,,
,,
,,
,,
,,
,,
,,
,,
,,
,,
,,
,,
,,
,,
,,
,,
,,
,,
,,
,,
,,
,,
,,
,,
,,
,,
,,
,,
,,
,,
,,
,,
,,
,,
,,
,,
,,
,,
,,
,,
,,
,,
,,
,,
,,
,,
,,
,,
,,
,,
,,
,,
,,
,,
,,
,,
,,
,,
,,
,,
,,
,,
,,
,,
,,
,,
,,
,,
,,
,,
,,
,,
,,
,,
,,
,,
,,
,,
,,
,,
,,
,,
,,
,,
,,
,,
,,
,,
,,
,,
,,
,,
,,
,,
,,
,,
,,
,,
,,
,,
,,
,,
,,
,,
,,
,,
,,
,,
,,
,,
,,
,,
,,
,,
,,
,,
,,
,,
,,
,,
,,
,,
,,
,,
,,
,,
,,
,,
,,
,,
,,
,,
,,
,,
,,
,,
,,
,,
,,
,,
,,
,,
,,
,,
,,
,,
,,
,,
,,
,,
,,
,,
,,
,,
,,
,,
,,
,,
,,
,,
,,
,,
,,
,,
,,
,,
,,
,,
,,
,,
,,
,,
,,
,,
,,
,,
,,
,,
,,
,,
,,
,,
,,
,,
,,
,,
,,
,,
,,
,,
,,
,,
,,
,,
,,
,,
,,
,,
,,
,,
,,
,,
,,
,,
,,
,,
,,
,,
,,
,,
,,
,,
,,
,,
,,
,,
,,
,,
,,
,,
,,
,,
,,
,,
,,
,,
,,
,,
,,
,,
,,
,,
,,
,,
,,
,,
,,
,,
,,
,,
,,
,,
,,
,,
,,
,,
,,
,,
,,
,,
,,
,,
,,
,,
,,
,,
,,
,,
,,
,,
,,
,,
,,
,,
,,
,,
,,
,,
,,
,,
,,
,,
,,
,,
,,
,,
,,
,,
,,
,,
,,
,,
,,
,,
,,
,,
,,
,,
,,
,,
,,
,,
,,
,,
,,
,,
,,
,,
,,
,,
,,
,,
,,
,,
,,
,,
,,
,,
,,
,,
,,
,,
,,
,,
,,
,,
,,
,,
,,
,,
,,
,,
,,
,,
,,
,,
,,
,,
,,
,,
,,
,,
,,
,,
,,
,,
,,
,,
,,
,,
,,
,,
,,
,,
,,
,,
,,
,,
,,
,,
,,
,,
,,
,,
,,
,,
,,
,,
,,
,,
,,
,,
,,
,,
,,
,,
,,
,,
,,
,,
,,
,,
,,
,,
,,
,,
,,
,,
,,
,,
,,
,,
,,
,,
,,
,,
,,
,,
,,
,,
,,
,,
,,
,,
,,
,,
,,
,,
,,
,,
,,
,,
,,
,,
,,
,,
,,
,,
,,
,,
,,
,,
,,
,,
,,
,,
,,
,,
,,
,,
,,
,,
,,
,,
,,
,,
,,
,,
,,
,,
,,
,,
,,
,,
,,
,,
,,
,,
,,
,,
,,
,,
,,
,,
,,
,,
,,
,,
,,
,,
,,
,,
,,
,,
,,
,,
,,
,,
,,
,,
,,
,,
,,
,,
,,
,,
,,
,,
,,
,,
,,
,,
,,
,,
,,
,,
,,
,,
,,
,,
,,
,,
,,
,,
,,
,,
,,
,,
,,
,,
,,
,,
,,
,,
,,
,,
,,
,,
,,
,,
,,
,,
,,
,,
,,
,,
,,
,,
,,
,,
,,
,,
,,
,,
,,
,,
,,
,,
,,
,,
,,
,,
,,
,,
,,
,,
,,
,,
,,
,,
,,
,,
,,
,,
,,
,,
,,
,,
,,
,,
,,
,,
,,
,,
,,
,,
,,
,,
,,
,,
,,
,,
,,
,,
,,
,,
,,
,,
,,
,,
,,
,,
,,
,,
,,
,,
,,
,,
,,
,,
,,
,,
,,
,,
,,
,,
,,
,,
,,
,,
,,
,,
,,
,,
,,
,,
,,
,,
,,
,,
,,
,,
,,
,,
,,
,,
,,
,,
,,
,,
,,
,,
,,
,,
,,
,,
,,
,,
,,
,,
,,
,,
,,
,,
,,
,,
,,
,,
,,
,,
,,
,,
,,
,,
,,
,,
,,
,,
,,
,,
,,
,,
,,
,,
,,
,,
,,
,,
,,
,,
,,
,,
,,
,,
,,
,,
,,
,,
,,
,,
,,
,,
,,
,,
,,
,,
,,
,,
,,
,,
,,
,,
,,
,,
,,
,,
,,
,,
,,
,,
,,
,,
,,
,,
,,
,,
,,
,,
,,
,,
,,
,,
,,
,,
,,
,,
,,
,,
,,
,,
,,
,,
,,
,,
,,
,,
,,
,,
,,
,,
,,
,,
,,
,,
,,
,,
,,
,,
,,
,,
,,
,,
,,
,,
,,
,,
,,
,,
,,
,,
,,
,,
,,
,,
,,
,,
,,
,,
,,
,,
,,
,,
,,
,,
,,
,,
,,
,,
,,
,,
,,
,,
,,
,,
,,
,,
,,
,,
,,
,,
,,
,,
,,
,,
,,
,,
,,
,,
,,
,,
,,
,,
,,
,,
,,
,,
,,
,,
,,
,,
,,
,,
,,
,,
,,
,,
,,
,,
,,
,,
,,
,,
,,
,,
,,
,,
,,
,,
,,
,,
,,
,,
,,
,,
,,
,,
,,
,,
,,
,,
,,
,,
,,
,,
,,
,,
,,
,,
,,
,,
,,
,,
,,
,,
,,
,,
,,
,,
,,
,,
,,
,,
,,
,,
,,
,,
,,
,,
,,
,,
,,
,,
,,
,,
,,
,,
,,
,,
,,
,,
,,
,,
,,
,,
,,
,,
,,
,,
,,
,,
,,
,,
,,
,,
,,
,,
,,
,,
,,
,,
,,
,,
,,
,,
,,
,,
,,
,,
,,
,,
,,
,,
,,
,,
,,
,,
,,
,,
,,
,,
,,
,,
,,
,,
,,
,,
,,
,,
,,
,,
,,
,,
,,
,,
,,
,,
,,
,,
,,
,,
,,
,,
,,
,,
,,
,,
,,
,,
,,
,,
,,
,,
,,
,,
,,
,,
,,
,,
,,
,,
,,
,,
,,
,,
,,
,,
,,
,,
,,
,,
,,
,,
,,
,,
,,
,,
,,
,,
,,
,,
,,
,,
,,
,,
,,
,,
,,
,,
,,
,,
,,
,,
,,
,,
,,
,,
,,
,,
,,
,,
,,
,,
,,
,,
,,
,,
,,
,,
,,
,,
,,
,,
,,
,,
,,
,,
,,
,,
,,
,,
,,
,,
,,
,,
,,
,,
,,
,,
,,
,,
,,
,,
,,
,,
,,
,,
,,
,,
,,
,,
,,
,,
,,
,,
,,
,,
,,
,,
,,
,,
,,
,,
,,
,,
,,
,,
,,
,,
,,
,,
,,
,,
,,
,,
,,
,,
,,
,,
,,
,,
,,
,,
,,
,,
,,
,,
,,
,,
,,
,,
,,
,,
,,
,,
,,
,,
,,
,,
,,
,,
,,
,,
,,
,,
,,
,,
,,
,,
,,
,,
,,
,,
,,
,,
,,
,,
,,
,,
,,
,,
,,
,,
,,
,,
,,
,,
,,
,,
,,
,,
,,
,,
,,
,,
,,
,,
,,
,,
,,
,,
,,
,,
,,
,,
,,
,,
,,
,,
,,
,,
,,
,,
,,
,,
,,
,,
,,
,,
,,
,,
,,
,,
,,
,,
,,
,,
,,
,,
,,
,,
,,
,,
,,
,,
,,
,,
,,
,,
,,
,,
,,
,,
,,
,,
,,
,,
,,
,,
,,
,,
,,
,,
,,
,,
,,
,,
,,
,,
,,
,,
,,
,,
,,
,,
,,
,,
,,
,,
,,
,,
,,
,,
,,
,,
,,
,,
,,
,,
,,
,,
,,
,,
,,
,,
,,
,,
,,
,,
,,
,,
,,
,,
,,
,,
,,
,,
,,
,,
,,
,,
,,
,,
,,
,,
,,
,,
,,
,,
,,
,,
,,
,,
,,
,,
,,
,,
,,
,,
,,
,,
,,
,,
,,
,,
,,
,,
,,
,,
,,
,,
,,
,,
,,
,,
,,
,,
,,
,,
,,
,,
,,
,,
,,
,,
,,
,,
,,
,,
,,
,,
,,
,,
,,
,,
,,
,,
,,
,,
,,
,,
,,
,,
,,
,,
,,
,,
,,
,,
,,
,,
,,
,,
,,
,,
,,
,,
,,
,,
,,
,,
,,
,,
,,
,,
,,
,,
,,
,,
,,
,,
,,
,,
,,
,,
,,
,,
,,
,,
,,
,,
,,
,,
,,
,,
,,
,,
,,
,,
,,
,,
,,
,,
,,
,,
,,
,,
,,
,,
,,
,,
,,
,,
,,
,,
,,
,,
,,
,,
,,
,,
,,
,,
,,
,,
,,
,,
,,
,,
,,
,,
,,
,,
,,
,,
,,
,,
,,
,,
,,
,,
,,
,,
,,
,,
,,
,,
,,
,,
,,
,,
,,
,,
,,
,,
,,
,,
,,
,,
,,
,,
,,
,,
,,
,,
,,
,,
,,
,,
,,
,,
,,
,,
,,
,,
,,
,,
,,
,,
,,
,,
,,
,,
,,
,,
,,
,,
,,
,,
,,
,,
,,
,,
,,
,,
,,
,,
,,
,,
,,
,,
,,
,,
,,
,,
,,
,,
,,
,,
,,
,,
,,
,,
,,
,,
,,
,,
,,
,,
,,
,,
,,
,,
,,
,,
,,
,,
,,
,,
,,
,,
,,
,,
,,
,,
,,
,,
,,
,,
,,
,,
,,
,,
,,
,,
,,
,,
,,
,,
,,
,,
,,
,,
,,
,,
,,
,,
,,
,,
,,
,,
,,
,,
,,
,,
,,
,,
,,
,,
,,
,,
,,
,,
,,
,,
,,
,,
,,
,,
,,
,,
,,
,,
,,
,,
,,
,,
,,
,,
,,
,,
,,
,,
,,
,,
,,
,,
,,
,,
,,
,,
,,
,,
,,
,,
,,
,,
,,
,,
,,
,,
,,
,,
,,
,,
,,
,,
,,
,,
,,
,,
,,
,,
,,
,,
,,
,,
,,
,,
,,
,,
,,
,,
,,
,,
,,
,,
,,
,,
,,
,,
,,
,,
,,
,,
,,
,,
,,
,,
,,
,,
,,
,,
,,
,,
,,
,,
,,
,,
,,
,,
,,
,,
,,
,,
,,
,,
,,
,,
,,
,,
,,
,,
,,
,,
,,
,,
,,
,,
,,
,,
,,
,,
,,
,,
,,
,,
,,
,,
,,
,,
,,
,,
,,
,,
,,
,,
,,
,,
,,
,,
,,
,,
,,
,,
,,
,,
,,
,,
,,
,,
,,
,,
,,
,,
,,
,,
,,
,,
,,
,,
,,
,,
,,
,,
,,
,,
,,
,,
,,
,,
,,
,,
,,
,,
,,
,,
,,
,,
,,
,,
,,
,,
,,
,,
,,
,,
,,
,,
,,
,,
,,
,,
,,
,,
,,
,,
,,
,,
,,
,,
,,
,,
,,
,,
,,
,,
,,
,,
,,
,,
,,
,,
,,
,,
,,
,,
,,
,,
,,
,,
,,
,,
,,
,,
,,
,,
,,
,,
,,
,,
,,
,,
,,
,,
,,
,,
,,
,,
,,
,,
,,
,,
,,
,,
,,
,,
,,
,,
,,
,,
,,
,,
,,
,,
,,
,,
,,
,,
,,
,,
,,
,,
,,
,,
,,
,,
,,
,,
,,
,,
,,
,,
,,
,,
,,
,,
,,
,,
,,
,,
,,
,,
,,
,,
,,
,,
,,
,,
,,
,,
,,
,,
,,
,,
,,
,,
,,
,,
,,
,,
,,
,,
,,
,,
,,
,,
,,
,,
,,
,,
,,
,,
,,
,,
,,
,,
,,
,,
,,
,,
,,
,,
,,
,,
,,
,,
,,
,,
,,
,,
,,
,,
,,
,,
,,
,,
,,
,,
,,
,,
,,
,,
,,
,,
,,
,,
,,
,,
,,
,,
,,
,,
,,
,,
,,
,,
,,
,,
,,
,,
,,
,,
,,
,,
,,
,,
,,
,,
,,
,,
,,
,,
,,
,,
,,
,,
,,
,,
,,
,,
,,
,,
,,
,,
,,
,,
,,
,,
,,
,,
,,
,,
,,
,,
,,
,,
,,
,,
,,
,,
,,
,,
,,
,,
,,
,,
,,
,,
,,
,,
,,
,,
,,
,,
,,
,,
,,
,,
,,
,,
,,
,,
,,
,,
,,
,,
,,
,,
,,
,,
,,
,,
,,
,,
,,
,,
,,
,,
,,
,,
,,
,,
,,
,,
,,
,,
,,
,,
,,
,,
,,
,,
,,
,,
,,
,,
,,
,,
,,
,,
,,
,,
,,
,,
,,
,,
,,
,,
,,
,,
,,
,,
,,
,,
,,
,,
,,
,,
,,
,,
,,
,,
,,
,,
,,
,,
,,
,,
,,
,,
,,
,,
,,
,,
,,
,,
,,
,,
,,
,,
,,
,,
,,
,,
,,
,,
,,
,,
,,
,,
,,
,,
,,
,,
,,
,,
,,
,,
,,
,,
,,
,,
,,
,,
,,
,,
,,
,,
,,
,,
,,
,,
,,
,,
,,
,,
,,
,,
,,
,,
,,
,,
,,
,,
,,
,,
,,
,,
,,
,,
,,
,,
,,
,,
,,
,,
,,
,,
,,
,,
,,
,,
,,
,,
,,
,,
,,
,,
,,
,,
,,
,,
,,
,,
,,
,,
,,
,,
,,
,,
,,
,,
,,
,,
,,
,,
,,
,,
,,
,,
,,
,,
,,
,,
,,
,,
,,
,,
,,
,,
,,
,,
,,
,,
,,
,,
,,
,,
,,
,,
,,
,,
,,
,,
,,
,,
,,
,,
,,
,,
,,
,,
,,
,,
,,
,,
,,
,,
,,
,,
,,
,,
,,
,,
,,
,,
,,
,,
,,
,,
,,
,,
,,
,,
,,
,,
,,
,,
,,
,,
,,
,,
,,
,,
,,
,,
,,
,,
,,
,,
,,
,,
,,
,,
,,
,,
,,
,,
,,
,,
,,
,,
,,
,,
,,
,,
,,
,,
,,
,,
,,
,,
,,
,,
,,
,,
,,
,,
,,
,,
,,
,,
,,
,,
,,
,,
,,
,,
,,
,,
,,
,,
,,
,,
,,
,,
,,
,,
,,
,,
,,
,,
,,
,,
,,
,,
,,
,,
,,
,,
,,
,,
,,
,,
,,
,,
,,
,,
,,
,,
,,
,,
,,
,,
,,
,,
,,
,,
,,
,,
,,
,,
,,
,,
,,
,,
,,
,,
,,
,,
,,
,,
,,
,,
,,
,,
,,
,,
,,
,,
,,
,,
,,
,,
,,
,,
,,
,,
,,
,,
,,
,,
,,
,,
,,
,,
,,
,,
,,
,,
,,
,,
,,
,,
,,
,,
,,
,,
,,
,,
,,
,,
,,
,,
,,
,,
,,
,,
,,
,,
,,
,,
,,
,,
,,
,,
,,
,,
,,
,,
,,
,,
,,
,,
,,
,,
,,
,,
,,
,,
,,
,,
,,
,,
,,
,,
,,
,,
,,
,,
,,
,,
,,
,,
,,
,,
,,
,,
,,
,,
,,
,,
,,
,,
,,
,,
,,
,,
,,
,,
,,
,,
,,
,,
,,
,,
,,
,,
,,
,,
,,
,,
,,
,,
,,
,,
,,
,,
,,
,,
,,
,,
,,
,,
,,
,,
,,
,,
,,
,,
,,
,,
,,
,,
,,
,,
,,
,,
,,
,,
,,
,,
,,
,,
,,
,,
,,
,,
,,
,,
,,
,,
,,
,,
,,
,,
,,
,,
,,
,,
,,
,,
,,
,,
,,
,,
,,
,,
,,
,,
,,
,,
,,
,,
,,
,,
,,
,,
,,
,,
,,
,,
,,
,,
,,
,,
,,
,,
,,
,,
,,
,,
,,
,,
,,
,,
,,
,,
,,
,,
,,
,,
,,
,,
,,
,,
,,
,,
,,
,,
,,
,,
,,
,,
,,
,,
,,
,,
,,
,,
,,
,,
,,
,,
,,
,,
,,
,,
,,
,,
,,
,,
,,
,,
,,
,,
,,
,,
,,
,,
,,
,,
,,
,,
,,
,,
,,
,,
,,
,,
,,
,,
,,
,,
,,
,,
,,
,,
,,
,,
,,
,,
,,
,,
,,
,,
,,
,,
,,
,,
,,
,,
,,
,,
,,
,,
,,
,,
,,
,,
,,
,,
,,
,,
,,
,,
,,
,,
,,
,,
,,
,,
,,
,,
,,
,,
,,
,,
,,
,,
,,
,,
,,
,,
,,
,,
,,
,,
,,
,,
,,
,,
,,
,,
,,
,,
,,
,,
,,
,,
,,
,,
,,
,,
,,
,,
,,
,,
,,
,,
,,
,,
,,
,,
,,
,,
,,
,,
,,
,,
,,
,,
,,
,,
,,
,,
,,
,,
,,
,,
,,
,,
,,
,,
,,
,,
,,
,,
,,
,,
,,
,,
,,
,,
,,
,,
,,
,,
,,
,,
,,
,,
,,
,,
,,
,,
,,
,,
,,
,,
,,
,,
,,
,,
,,
,,
,,
,,
,,
,,
,,
,,
,,
,,
,,
,,
,,
,,
,,
,,
,,
,,
,,
,,
,,
,,
,,
,,
,,
,,
,,
,,
,,
,,
,,
,,
,,
,,
,,
,,
,,
,,
,,
,,
,,
,,
,,
,,
,,
,,
,,
,,
,,
,,
,,
,,
,,
,,
,,
,,
,,
,,
,,
,,
,,
,,
,,
,,
,,
,,
,,
,,
,,
,,
,,
,,
,,
,,
,,
,,
,,
,,
,,
,,
,,
,,
,,
,,
,,
,,
,,
,,
,,
,,
,,
,,
,,
,,
,,
,,
,,
,,
,,
,,
,,
,,
,,
,,
,,
,,
,,
,,
,,
,,
,,
,,
,,
,,
,,
,,
,,
,,
,,
,,
,,
,,
,,
,,
,,
,,
,,
,,
,,
,,
,,
,,
,,
,,
,,
,,
,,
,,
,,
,,
,,
,,
,,
,,
,,
,,
,,
,,
,,
,,
,,
,,
,,
,,
,,
,,
,,
,,
,,
,,
,,
,,
,,
,,
,,
,,
,,
,,
,,
,,
,,
,,
,,
,,
,,
,,
,,
,,
,,
,,
,,
,,
,,
,,
,,
,,
,,
,,
,,
,,
,,
,,
,,
,,
,,
,,
,,
,,
,,
,,
,,
,,
,,
,,
,,
,,
,,
,,
,,
,,
,,
,,
,,
,,
,,
,,
,,
,,
,,
,,
,,
,,
,,
,,
,,
,,
,,
,,
,,
,,
,,
,,
,,
,,
,,
,,
,,
,,
,,
,,
,,
,,
,,
,,
,,
,,
,,
,,
,,
,,
,,
,,
,,
,,
,,
,,
,,
,,
,,
,,
,,
,,
,,
,,
,,
,,
,,
,,
,,
,,
,,
,,
,,
,,
,,
,,
,,
,,
,,
,,
,,
,,
,,
,,
,,
,,
,,
,,
,,
,,
,,
,,
,,
,,
,,
,,
,,
,,
,,
,,
,,
,,
,,
,,
,,
,,
,,
,,
,,
,,
,,
,,
,,
,,
,,
,,
,,
,,
,,
,,
,,
,,
,,
,,
,,
,,
,,
,,
,,
,,
,,
,,
,,
,,
,,
,,
,,
,,
,,
,,
,,
,,
,,
,,
,,
,,
,,
,,
,,
,,
,,
,,
,,
,,
,,
,,
,,
,,
,,
,,
,,
,,
,,
,,
,,
,,
,,
,,
,,
,,
,,
,,
,,
,,
,,
,,
,,
,,
,,
,,
,,
,,
,,
,,
,,
,,
,,
,,
,,
,,
,,
,,
,,
,,
,,
,,
,,
,,
,,
,,
,,
,,
,,
,,
,,
,,
,,
,,
,,
,,
,,
,,
,,
,,
,,
,,
,,
,,
,,
,,
,,
,,
,,
,,
,,
,,
,,
,,
,,
,,
,,
,,
,,
,,
,,
,,
,,
,,
,,
,,
,,
,,
,,
,,
,,
,,
,,
,,
,,
,,
,,
,,
,,
,,
,,
,,
,,
,,
,,
,,
,,
,,
,,
,,
,,
,,
,,
,,
,,
,,
,,
,,
,,
,,
,,
,,
,,
,,
,,
,,
,,
,,
,,
,,
,,
,,
,,
,,
,,
,,
,,
,,
,,
,,
,,
,,
,,
,,
,,
,,
,,
,,
,,
,,
,,
,,
,,
,,
,,
,,
,,
,,
,,
,,
,,
,,
,,
,,
,,
,,
,,
,,
,,
,,
,,
,,
,,
,,
,,
,,
,,
,,
,,
,,
,,
,,
,,
,,
,,
,,
,,
,,
,,
,,
,,
,,
,,
,,
,,
,,
,,
,,
,,
,,
,,
,,
,,
,,
,,
,,
,,
,,
,,
,,
,,
,,
,,
,,
,,
,,
,,
,,
,,
,,
,,
,,
,,
,,
,,
,,
,,
,,
,,
,,
,,
,,
,,
,,
,,
,,
,,
,,
,,
,,
,,
,,
,,
,,
,,
,,
,,
,,
,,
,,
,,
,,
,,
,,
,,
,,
,,
,,
,,
,,
,,
,,
,,
,,
,,
,,
,,
,,
,,
,,
,,
,,
,,
,,
,,
,,
,,
,,
,,
,,
,,
,,
,,
,,
,,
,,
,,
,,
,,
,,
,,
,,
,,
,,
,,
,,
,,
,,
,,
,,
,,
,,
,,
,,
,,
,,
,,
,,
,,
,,
,,
,,
,,
,,
,,
,,
,,
,,
,,
,,
,,
,,
,,
,,
,,
,,
,,
,,
,,
,,
,,
,,
,,
,,
,,
,,
,,
,,
,,
,,
,,
,,
,,
,,
,,
,,
,,
,,
,,
,,
,,
,,
,,
,,
,,
,,
,,
,,
,,
,,
,,
,,
,,
,,
,,
,,
,,
,,
,,
,,
,,
,,
,,
,,
,,
,,
,,
,,
,,
,,
,,
,,
,,
,,
,,
,,
,,
,,
,,
,,
,,
,,
,,
,,
,,
,,
,,
,,
,,
,,
,,
,,
,,
,,
,,
,,
,,
,,
,,
,,
,,
,,
,,
,,
,,
,,
,,
,,
,,
,,
,,
,,
,,
,,
,,
,,
,,
,,
,,
,,
,,
,,
,,
,,
,,
,,
,,
,,
,,
,,
,,
,,
,,
,,
,,
,,
,,
,,
,,
,,
,,
,,
,,
,,
,,
,,
,,
,,
,,
,,
,,
,,
,,
,,
,,
,,
,,
,,
,,
,,
,,
,,
,,
,,
,,
,,
,,
,,
,,
,,
,,
,,
,,
,,
,,
,,
,,
,,
,,
,,
,,
,,
,,
,,
,,
,,
,,
,,
,,
,,
,,
,,
,,
,,
,,
,,
,,
,,
,,
,,
,,
,,
,,
,,
,,
,,
,,
,,
,,
,,
,,
,,
,,
,,
,,
,,
,,
,,
,,
,,
,,
,,
,,
,,
,,
,,
,,
,,
,,
,,
,,
,,
,,
,,
,,
,,
,,
,,
,,
,,
,,
,,
,,
,,
,,
,,
,,
,,
,,
,,
,,
,,
,,
,,
,,
,,
,,
,,
,,
,,
,,
,,
,,
,,
,,
,,
,,
,,
,,
,,
,,
,,
,,
,,
,,
,,
,,
,,
,,
,,
,,
,,
,,
,,
,,
,,
,,
,,
,,
,,
,,
,,
,,
,,
,,
,,
,,
,,
,,
,,
,,
,,
,,
,,
,,
,,
,,
,,
,,
,,
,,
,,
,,
,,
,,
,,
,,
,,
,,
,,
,,
,,
,,
,,
,,
,,
,,
,,
,,
,,
,,
,,
,,
,,
,,
,,
,,
,,
,,
,,
,,
,,
,,
,,
,,
,,
,,
,,
,,
,,
,,
,,
,,
,,
,,
,,
,,
,,
,,
,,
,,
,,
,,
,,
,,
,,
,,
,,
,,
,,
,,
,,
,,
,,
,,
,,
,,
,,
,,
,,
,,
,,
,,
,,
,,
,,
,,
,,
,,
,,
,,
,,
,,
,,
,,
,,
,,
,,
,,
,,
,,
,,
,,
,,
,,
,,
,,
,,
,,
,,
,,
,,
,,
,,
,,
,,
,,
,,
,,
,,
,,
,,
,,
,,
,,
,,
,,
,,
,,
,,
,,
,,
,,
,,
,,
,,
,,
,,
,,
,,
,,
,,
,,
,,
,,
,,
,,
,,
,,
,,
,,
,,
,,
,,
,,
,,
,,
,,
,,
,,
,,
,,
,,
,,
,,
,,
,,
,,
,,
,,
,,
,,
,,
,,
,,
,,
,,
,,
,,
,,
,,
,,
,,
,,
,,
,,
,,
,,
,,
,,
,,
,,
,,
,,
,,
,,
,,
,,
,,
,,
,,
,,
,,
,,
,,
,,
,,
,,
,,
,,
,,
,,
,,
,,
,,
,,
,,
,,
,,
,,
,,
,,
,,
,,
,,
,,
,,
,,
,,
,,
,,
,,
,,
,,
,,
,,
,,
,,
,,
,,
,,
,,
,,
,,
,,
,,
,,
,,
,,
,,
,,
,,
,,
,,
,,
,,
,,
,,
,,
,,
,,
,,
,,
,,
,,
,,
,,
,,
,,
,,
,,
,,
,,
,,
,,
,,
,,
,,
,,
,,
,,
,,
,,
,,
,,
,,
,,
,,
,,
,,
,,
,,
,,
,,
,,
,,
,,
,,
,,
,,
,,
,,
,,
,,
,,
,,
,,
,,
